3036892,0.0
4234235,0.0
4008649,0.153846153846
3080329,0.107142857143
3661906,0.166666666667
3534563,0.0
4015009,0.0
2720073,0.222222222222
4041097,0.0
3938075,0.0
4260586,0.0
4403811,0.0833333333333
4378324,0.0
4466120,0.0
2935631,0.25
3387178,0.0
2938377,0.0
3334734,0.0
4365313,0.263157894737
4115820,0.0
3766650,0.0
4283787,0.0987654320988
2943911,0.111111111111
4357002,0.0
3311692,0.0
3031905,0.0
3886381,0.0769230769231
4041211,0.222222222222
3455811,0.153846153846
4343137,0.222222222222
4242514,0.0
3827312,0.0
4234199,0.0
4378196,0.166666666667
4397744,0.0
2135649,0.0
3031913,0.0
3789865,0.0769230769231
2797904,0.0
3773716,0.25
3590014,0.190476190476
4402800,0.1
4234234,0.0
4243603,0.198717948718
4260598,0.0
3008702,0.0
2938516,0.0
4341725,0.0
3894879,0.25
4234209,0.0
4089355,0.0
4402945,0.25
3827271,0.0945945945946
2741279,0.0
3036949,0.0
4455062,0.0
4378325,0.0
2918244,0.0
3590003,0.0
4346258,0.175824175824
4419350,0.0625
3722538,0.0
2553336,0.0
3902418,0.0
2938366,0.0
2137518,0.0
4341713,0.0
4234189,0.0
4180020,0.0
3789875,0.0
4405028,0.0666666666667
4419418,0.0
3031910,0.0
2741269,0.0
3562724,0.0
3035587,0.0
4300808,0.0
3035590,0.0
4410682,0.181818181818
4208520,0.0
3136075,0.142857142857
3031907,0.0
3886228,0.0520833333333
4106141,0.0
4076361,0.0
4441477,0.0
4343126,0.153846153846
3902388,0.150943396226
2670073,0.5
4208890,0.0
4330164,0.0
3946209,0.0
3036977,0.0
3789866,0.047619047619
2720071,0.105263157895
4242517,0.1
3887898,0.063829787234
4171240,0.0
3196749,0.0434782608696
3590017,0.0
3722542,0.166666666667
3886383,0.101123595506
4234220,0.0
2366723,0.0579710144928
4402919,0.0
4341735,0.0
2786585,0.0
3919605,0.142857142857
4365311,0.0
4378205,0.153846153846
3889113,0.031746031746
2366716,0.153846153846
3622264,0.0555555555556
3455813,0.0
3934961,0.0
4136568,0.0
4419353,0.1375
4083302,0.5
3919604,0.125
4106140,0.25
4402947,0.0
3204676,0.4
4263478,0.0
3562725,0.0
4365303,0.0
2935632,0.166666666667
4378327,0.0
2367448,0.0
4419352,0.0952380952381
4441461,0.0454545454545
4357001,0.333333333333
3946208,0.166666666667
3889112,0.155172413793
3031906,0.0
4151470,0.0
2799706,0.037037037037
4383619,0.0
4152215,0.0
3766653,0.0
4245517,0.0
4466075,0.0
4397746,0.0
4069687,0.0
4234236,0.0
2634528,0.0
3196748,0.111111111111
2833163,0.0
4402954,0.0
4405029,0.0
4400097,0.181818181818
4234231,0.0
3889115,0.2
4180031,0.0
2938360,0.0
4242506,0.0
4379525,0.111111111111
2343764,0.0
4234226,0.0
4341733,0.0
3036971,0.0
3281434,0.666666666667
3919603,0.195652173913
3208507,0.0
4330162,0.0
3773713,0.0
3008707,0.0
4008528,0.125
3546157,0.0
3886349,0.157894736842
3886239,0.0519480519481
4402940,0.2
3455820,0.0526315789474
2366710,0.166666666667
2751550,0.232876712329
3036966,0.0
4419409,0.0
4504053,0.0
4441466,0.166666666667
3031916,0.0
3031901,0.0
3619628,0.0
4432858,0.0
2958727,0.0
4410685,0.0894308943089
3886384,0.0172413793103
3649509,0.25
4134640,0.2
3031917,0.0
3827305,0.111111111111
4032964,0.0
4455075,0.142857142857
3200058,0.0
3605839,0.166666666667
3789854,0.333333333333
4419354,0.219512195122
4159340,0.046511627907
4441470,0.166666666667
4234227,0.0
3035580,0.0
3208515,0.0
4330163,0.0
4432894,0.0
3858152,0.0909090909091
4234230,0.0
4243607,0.181818181818
4419408,0.0
2720076,0.5
2935634,0.0
4452975,0.0
4283791,0.132530120482
4466073,0.0
4151465,0.0
4341732,0.0
4441467,0.125
4082422,0.2
4419398,0.0
4242510,0.190476190476
4343132,0.27027027027
3136072,0.0
3031809,0.0
3038838,0.0
4402942,0.333333333333
2958724,0.2
3031914,0.0
4234233,0.0
4242399,0.0
3625470,0.0909090909091
4180024,0.0
4378317,0.0
2352023,0.0
4432897,0.0
4378191,0.242424242424
3433321,0.0
3008705,0.0
4210864,0.2
2938511,0.5
4197015,0.166666666667
3995120,0.0
4452976,0.0
4106130,0.0
3770329,0.142857142857
4041091,0.0
3005171,0.166666666667
4180033,0.0
3995119,0.0
3496711,0.0
3796387,0.0
3063852,0.0
3886387,0.106666666667
3031903,0.0
4234224,0.0
2316984,0.0
3036973,0.0
4242423,0.0
2720075,0.333333333333
3572930,0.0625
3409034,0.0
3919612,0.142857142857
3938064,0.0
4341722,0.0
4083332,0.0
2943908,0.0
4341731,0.1
2958725,0.125
4378213,0.181818181818
3886386,0.254237288136
2720074,0.0
2935636,0.0
4402796,0.285714285714
4210865,0.0
4234232,0.0
4069683,0.0
3048964,0.0869565217391
2366739,0.0
3005170,0.0
4397755,0.142857142857
4419356,0.2
3180996,0.0
3880803,0.0
4082433,0.125
4089410,0.0
3590049,0.0
3035582,0.0
2918242,0.0
3455816,0.0
4032953,0.0
4330161,0.0
3880836,0.0
3455823,0.333333333333
4234225,0.0
3995121,0.307692307692
4238584,0.0
3455809,0.222222222222
4402943,0.0
3889116,0.277777777778
4106144,0.0
3789856,0.0
4346348,0.833333333333
4466071,0.333333333333
4345918,0.0
4210872,0.0
4134585,0.142857142857
4448978,0.161290322581
4402950,0.0
4441465,0.142857142857
4145149,0.0
3919600,0.0952380952381
3610754,0.25
4436208,0.197674418605
3640011,0.333333333333
3080321,0.266666666667
3640367,0.111111111111
4082416,0.0
2819843,0.0
4288287,0.185185185185
3667610,0.0
3886327,0.135802469136
4402913,0.111111111111
4378236,0.0740740740741
2315125,0.0
2310773,0.0
4466102,0.0
3137214,0.416666666667
3963040,0.166666666667
4273810,0.0
3207542,0.230769230769
4365308,0.5
3059644,0.285714285714
2722938,0.0
4041123,0.0
4288294,0.0952380952381
4281738,0.0555555555556
3632960,0.107142857143
4152308,0.142857142857
3886378,0.0833333333333
3687601,0.25
4398371,0.0
2935639,1.0
3031831,0.0
4378306,0.1
3886257,0.27027027027
3886244,0.0769230769231
3900111,0.166666666667
2366743,0.0
4462285,0.0
3894870,0.0
4234125,0.0
3621995,0.133333333333
3517316,0.0
4436209,0.152542372881
4061902,0.2
2798116,0.0
3886245,0.0487804878049
4185503,0.125
4462284,0.0
4378228,0.259259259259
3031816,0.0
3963027,0.0860927152318
3886270,0.0909090909091
4150857,0.1
2366737,0.102564102564
3957701,0.0
4288286,0.09375
3590454,0.2
3916081,0.0
2638665,0.0
4040172,0.0
3371071,0.0
4402798,0.282051282051
4288295,0.153846153846
2923174,0.0
4280215,0.044776119403
4263472,0.0
4234124,0.0
3918195,0.0
2987789,0.0
3116474,0.0
4234278,0.0
4378242,0.0
1463956,0.0
3858189,0.0
4378318,0.0
4174950,0.0
3561201,0.333333333333
4069146,0.0
3661873,0.0
3687600,0.111111111111
4288285,0.18
3946201,0.0
3918196,0.5
3538820,0.0
3640079,0.285714285714
4383676,0.166666666667
4238589,0.166666666667
3992998,0.166666666667
4402911,0.047619047619
3031815,0.0
4378252,0.0888888888889
3640365,0.333333333333
4281729,0.0833333333333
3649506,0.0
4273908,0.0
2935642,0.0
2780514,0.0
4419713,0.125
4329504,0.0
3590457,0.0
4208458,0.0
4008643,0.030303030303
3632962,0.0952380952381
4297898,0.191489361702
4045477,0.0
4462290,0.0
4242395,0.0
3207540,0.0769230769231
4452288,0.133333333333
3487678,0.0
4180028,0.0
4378241,0.0704225352113
4488702,0.0
4288296,0.0
2634532,0.272727272727
3059655,0.0
3963051,0.0
3894861,0.0
4346275,0.0
4234130,0.0
4150854,0.0
4174856,0.0
4040162,0.0576923076923
3934947,0.0
2366741,0.222222222222
4289596,0.0
4495864,0.0
3894860,0.0
4141884,0.173913043478
2638667,0.0
4419712,0.0
4234131,0.0
2943905,0.25
3918214,0.0
3371073,0.0
4378253,0.0
3886302,0.0
3894873,0.333333333333
3963069,0.142857142857
3228825,0.0
3946200,0.0
4273800,0.0
3886254,0.0697674418605
3116586,0.107142857143
4462286,0.0
4273909,0.0909090909091
3031919,0.0
2543787,0.0
3886247,0.0561797752809
4329505,0.0
4234126,0.0
3031807,0.0
4040170,0.0
2366740,0.0
3886324,0.106666666667
3059647,0.0
4076346,0.0
2958810,0.0
4288283,0.111111111111
4466111,0.0
4469015,0.0
3947990,0.0
3802767,0.0
4150852,0.125
4395181,0.666666666667
3080325,0.263888888889
2923188,0.0
3572976,0.0
3963044,0.0344827586207
3031909,0.0
3517313,0.0
2366732,0.142857142857
1324544,0.0
4466106,0.0
4202168,0.2
3038928,0.0
4208539,0.0
3031800,0.0
2647198,0.0
3640370,0.25
4234121,0.0
3632964,0.142857142857
3561204,0.0
4263477,0.0
3918213,0.0
2716380,0.181818181818
4083338,0.0
4371929,0.19512195122
4378328,0.2
4452299,0.172413793103
4441480,0.174603174603
3802774,0.0
4329502,0.0
4462281,0.0
3667724,0.0
2315121,0.0
4383645,0.217821782178
3112808,0.0
4346350,0.5
2310777,0.0
3640362,0.0
3640014,0.0
4329503,0.8
4469014,0.0
3918234,0.0
4273806,0.0
3886241,0.03125
3080324,0.204081632653
3886274,0.0588235294118
3005169,0.0
4076340,0.2
4392314,0.0
3957705,0.285714285714
2784939,0.0
4466107,0.0
4378246,0.0757575757576
4128313,0.0
4273873,0.0
4015004,0.0
3738317,0.214285714286
4234249,0.0
4419714,0.2
3137211,0.0
4395179,0.5
3687604,0.0
3031812,0.0
3428726,0.0
4495871,0.0
3902721,0.148148148148
3208520,0.0
3328402,0.0
3649242,0.333333333333
3031801,0.0
3963056,0.285714285714
3204717,0.0
4452298,0.143939393939
4234120,0.0
4466110,0.0
4346351,0.0
3031834,0.0
2758398,0.0
3946206,0.285714285714
4040176,0.0
4441481,0.133333333333
3886252,0.135593220339
3886268,0.341463414634
4413269,0.25
1465171,0.0
3649511,0.0
2638662,0.05
2833144,0.166666666667
4234259,0.0
3031811,0.0
4378209,0.193548387097
2923199,0.181818181818
3886242,0.051724137931
3371076,0.0
2722914,0.25
4419458,0.0
4273805,0.0
4383672,0.25
4367825,0.0
3080327,0.290322580645
4273870,0.0
3661908,0.0
4045473,0.0
4361760,0.133333333333
2491492,1.0
4041125,0.3
4082429,0.2
2565562,0.0
4462283,0.0
3515362,0.0
4263475,0.5
4288292,0.153846153846
4469017,0.0
4383647,0.153846153846
4008531,0.0
4378230,0.190476190476
3886277,0.0
3735256,0.333333333333
4402960,0.152173913043
2315123,0.0
4329500,0.0
2943900,0.0
3173155,0.0
4466078,0.0
4419708,0.0588235294118
2938461,0.5
2808072,0.0
2762868,0.0
3031837,0.0
3894864,0.0
4413268,0.163636363636
4234122,0.0
2958800,0.0
3886306,0.19512195122
2938460,0.0
2366744,0.0
4439080,0.111111111111
2943901,0.25
4402914,0.0
4395182,0.0
3894877,0.0
4040174,0.0769230769231
4273934,0.0
3080326,0.0819672131148
3328426,0.0909090909091
4273871,0.0
3455801,0.166666666667
2466749,0.0
3515363,0.0
4466112,0.0
2220521,0.0
3886250,0.190476190476
4076355,0.333333333333
4402958,0.0714285714286
3621985,0.0
3083613,0.0
3963054,0.0526315789474
4234258,0.0
3640373,0.222222222222
3947993,0.0
2367457,0.0555555555556
4288293,0.294642857143
4008530,0.0
4462282,0.0
3590452,0.0
3071559,0.0833333333333
3609895,0.0
3622269,0.0
4168172,0.0
4139530,0.0
4413267,0.12962962963
4419430,0.0
3999096,0.0
3886363,0.125
4093762,0.0
3031897,0.0
3735265,0.0
4371802,0.115384615385
4182587,0.0
4282216,0.136363636364
4171211,0.0
4488735,0.0
3153458,0.0
4171798,0.1875
2989939,0.1
4461459,0.0
4398388,0.333333333333
4284027,0.0
4273818,0.0
4432860,0.0
3842815,0.0731707317073
4374980,0.0833333333333
3026233,0.0
2923197,0.117647058824
4284034,0.0
4210831,0.1
2543748,0.0
4273825,0.166666666667
4212561,0.0
3858193,0.333333333333
4356764,0.25
4356777,0.0
3031967,0.0
3740845,0.166666666667
3900106,0.0
2434891,0.0
3963075,0.0
1463966,0.0
4149681,0.333333333333
4171268,0.157894736842
2722949,0.333333333333
3805890,0.0
3886279,0.125
4419706,0.111111111111
3535670,0.0
3309262,0.0
3957708,0.0
4086530,0.0
4413266,0.384615384615
4383572,0.272972972973
4374707,0.5
4212546,0.0
3735259,0.0
3886308,0.0416666666667
4242419,0.0
3328442,0.0
4273819,0.0
3786073,0.142857142857
3786064,0.1
3031885,0.0
3216857,0.0
3038815,0.0
4432872,0.0
2758394,0.0
4071042,0.0
3510146,0.0
2987792,0.0
3031896,0.0
4234245,0.0
4436201,0.224489795918
3590050,0.25
4180045,0.0
4243005,0.0975609756098
4142986,0.0
4180135,0.0555555555556
4234270,0.5
2565521,0.0
3640357,0.0
4214265,0.0
4273929,0.0
4383631,0.133333333333
4273833,0.0
3858211,0.0952380952381
3031966,0.0
4242460,0.0
4371803,0.0681818181818
4210830,0.0
4282217,0.111111111111
2941637,0.0
4419707,0.0
2621627,0.0
3160919,0.0
3858191,0.0
4413265,0.25
3999094,0.0
4242575,0.2
4069101,0.0
4234255,0.0
3031965,0.333333333333
4243033,0.212121212121
4452280,0.0547945205479
4282214,0.0
3031976,0.0
2918236,0.0
3321532,0.0
2387069,0.0
3555995,0.153846153846
4273939,0.0
4045495,0.0
2989942,0.0454545454545
4374704,0.0
3031886,0.0
1982993,0.0
3031895,0.0
4234246,0.0
4374991,0.0
4085015,0.0
4244223,0.111111111111
3310648,0.0
4273830,0.0
4356775,0.0
4180055,0.0
4374982,0.0769230769231
3667609,0.0
4462243,0.25
4242456,0.5
3026222,0.0
3590053,0.0
3510163,0.0
4273827,0.1
2647196,0.0
3805881,0.0
3643589,1.0
3520309,0.0
3963058,0.0
4234272,0.0
4045487,0.16049382716
4432863,0.0
4419705,0.142857142857
4383633,0.142857142857
4139533,0.0833333333333
4139520,0.0909090909091
3643480,0.0
4212562,0.0
4507150,0.0
3038927,0.0
3886265,0.2
4462242,0.0
4240507,0.3
3786071,0.0
3740846,0.0
4308597,1.0
4432870,0.3
3061503,0.0
3805893,0.0
4273831,0.0
3886360,0.0909090909091
4436210,0.138461538462
3328435,0.0
2987783,0.0
1717835,0.0
4240514,0.15
4053084,0.0
3026209,0.0
3508981,0.0
3112807,0.0
4413264,0.111111111111
2923194,0.285714285714
4182584,0.0
4284037,0.0
4452296,0.0344827586207
3160918,0.0
3031887,0.4
3152656,0.0
4383620,1.0
4139602,0.181818181818
4452286,0.222222222222
4436204,0.156862745098
1982995,0.0
3031893,0.25
4234253,0.0
3967167,0.0
3886204,0.047619047619
3212931,0.0
3615743,0.0
3031880,0.0
4234275,0.0
3649470,0.0
3886262,0.212121212121
4289598,0.0
2647200,0.0
4139527,0.0909090909091
4282212,0.1
2488445,0.0
3517322,0.0
4288298,0.193548387097
4461468,0.0
2344350,0.0
4286883,0.0
4356760,0.0
3858207,0.157894736842
4234240,0.0
4242450,0.0
4273906,0.0
3008813,1.0
4371806,0.0
4356773,0.0
3572918,0.153846153846
2943159,0.0
4413270,0.142857142857
4413263,0.0
4462289,0.0
4488731,0.0
4383576,0.118942731278
3777150,0.0
2941646,0.5
2528980,0.0821917808219
4371807,0.1
4419426,0.0
3643486,0.1
4234252,0.285714285714
3703711,0.0
3031971,0.0
4139553,0.0
1982994,1.0
4432876,0.0
3886313,0.444444444444
3596540,0.0
4383626,0.1
3309270,0.0
4234274,0.0
4374985,0.375
1853890,0.0
4356754,0.0
3026225,0.0
4045492,0.133333333333
4045481,0.0
4330149,0.4
4234128,0.0
3858215,0.0238095238095
3858196,0.5
3031892,1.0
4284031,0.1
4242554,0.0909090909091
4452290,0.1
4462244,0.166666666667
4461469,0.0
1514193,0.0
4462288,0.1
1463963,0.0
3886259,0.0147058823529
4330159,0.1
4288289,0.1
4284007,0.0
4281736,0.176470588235
3207539,0.0
4329508,0.333333333333
2941645,0.0
4234277,0.0
3886365,0.139240506329
4142981,0.0
4243011,0.213973799127
4452284,0.285714285714
4419425,0.0
3999090,0.0
3886215,0.0
3805896,0.0
4234251,0.0
3858186,0.0
3309273,0.666666666667
4203910,0.0
2987795,0.0
3031891,0.0
4234242,0.1
2923191,0.241379310345
4436206,0.132867132867
4242441,0.0
4432875,0.0
2987786,0.0
3545617,0.0
3649472,0.0
4243028,0.231818181818
4356762,0.166666666667
4371804,0.111111111111
4088636,0.142857142857
4071030,0.0
4240502,0.222222222222
2433207,0.0
4284032,0.0
4069149,0.5
3596554,0.0
4282211,0.214285714286
3703726,0.0
4168045,0.0
4356763,0.0
4139537,0.142857142857
3510166,0.666666666667
4413260,0.234375
4330158,0.0
3858194,0.0
4329509,0.2
4383574,0.217672413793
3031890,0.5
3967164,0.190476190476
2647203,0.2
4210829,0.285714285714
2647193,0.0
4214263,0.0
3535664,0.0
4383624,0.0
4273905,0.0
4273912,0.0
4297895,0.236363636364
3162189,0.285714285714
4071057,0.0
3309265,0.0
4115636,0.0
4234250,0.0
4288288,0.263157894737
3886311,0.373737373737
4273822,0.0
4243003,0.170731707317
4240510,0.225806451613
3963072,0.2
4488732,1.0
4273835,0.0
4466178,0.142857142857
3555990,0.25
4419424,0.0
4175215,0.0
3831299,0.0
4212569,0.5
4445185,0.0416666666667
3309284,0.0
4115684,0.0833333333333
4330157,0.5
4398380,0.5
3219105,0.0
4149627,0.179104477612
4307353,0.0909090909091
4432136,0.09375
3455781,0.125
4432073,0.0
3679028,0.0
4175109,0.0
4234154,0.0
2387070,0.5
3207524,0.0
4395387,0.0
3763792,0.0
4432060,0.142857142857
2943155,0.0
4461464,0.125
4175214,0.0
4282253,0.157608695652
3703728,0.333333333333
2291259,0.0
4445184,0.0833333333333
4501594,0.0
2543727,0.0
4432061,0.5
3643583,0.0
4234050,0.375
3596580,1.0
2786397,0.6
4242402,0.0
2663272,0.0
4028422,0.0
3741054,0.125
4115766,0.0
3811182,0.0
3124000,0.0
4461465,0.0
2526047,0.25
4234119,0.0
4317195,0.166666666667
4139539,0.0
2946311,0.0
3355741,0.0
4507093,0.0
3572920,0.0
4139504,0.0
4330145,0.0
2741280,0.0
4234289,0.0
4383381,0.137254901961
3411735,0.0
4395386,0.5
2943154,0.0
3647392,0.0
3449073,0.0
4307352,0.0
3101254,0.0
4234155,0.0
3031922,0.0
4071059,0.0909090909091
4171791,0.142857142857
3738699,0.211678832117
4139529,0.142857142857
3161035,0.0
2830480,0.0
3778633,0.168421052632
4243042,0.184210526316
4330155,0.0
3207535,0.0
4045275,0.0
3204695,0.115384615385
3124003,0.0
4395385,0.0
2943157,0.2
4240524,0.166666666667
4432134,0.0
3695154,0.0714285714286
4432071,0.5
3027009,0.0
4432141,0.333333333333
2843464,0.0
3596583,0.5
3031921,0.0
3763790,0.111111111111
4139510,0.0909090909091
3978864,0.285714285714
2771244,0.0
3465977,0.0
4076138,0.0
4234053,0.0
3661913,0.25
4383382,0.0566037735849
4307351,0.0
3654258,0.0
4240551,0.176470588235
4228157,0.0
4432062,0.2
3043436,0.0
4461466,0.166666666667
4374740,0.25
4395384,0.0
3865389,0.0666666666667
4139506,0.0
4359285,0.181818181818
4173531,0.0
4432140,0.0
4330154,0.0
3161034,0.5
4180010,0.0
4175461,0.0
4432063,0.428571428571
4228141,0.222222222222
2941648,0.5
1935936,0.333333333333
4280583,0.0526315789474
4240525,0.142857142857
4432070,0.0625
3449156,0.0909090909091
4491882,0.0
4317197,0.0769230769231
2819156,0.0
2943156,0.0
3520301,0.2
4234162,0.0
4158767,0.25
4330147,0.0
4307343,0.25
3204687,0.0555555555556
4028420,0.0
3207527,0.0
3031920,0.0
4398390,0.0
3101256,0.0
4307350,0.166666666667
4461467,0.0
4383383,0.0366972477064
4359282,0.25
4240522,0.0
4445606,0.0
3031888,0.0
2474114,0.0
4115680,0.272727272727
4175488,0.0
4330153,0.0
4234150,0.0
3811194,0.0
4180048,0.0
4305207,0.0
4432077,0.0
3161033,0.0
2488452,0.0
2526037,0.153846153846
4210822,0.2
3476096,0.0
4139516,0.0
4282241,0.0
3026211,0.0
4045255,0.0
3139177,0.0
4282256,0.133333333333
2943151,0.0
4466065,0.222222222222
4180017,0.0
4432064,0.0
3647397,0.666666666667
4307344,0.0
2722945,0.0
4148452,0.0
4282257,0.0
4142999,0.0
3017690,0.0
4466064,0.5
3476097,0.0
3455784,0.0
4307345,0.166666666667
4330152,0.0
4149622,0.2
2839031,0.0
3643587,0.0
4240509,0.103448275862
4398385,0.125
3207532,0.333333333333
3963100,0.0
3139235,0.0
4282240,0.0952380952381
4432058,0.1
3031935,0.0
3204681,0.0
4028408,0.5
4115744,0.0
4445180,0.0
4139500,0.0
4228150,0.307692307692
2771243,0.0
4053262,0.333333333333
3139176,0.0
4212573,0.0
4149604,0.2
3449077,0.0
3661914,0.25
4461472,0.0
1935930,0.0
3031889,0.0
4210823,0.153846153846
4013125,0.0
4491884,0.0
3652512,0.0
3124004,0.0
2387066,0.285714285714
4234164,0.0
4139514,0.0
2771235,0.166666666667
4282218,0.0
3256887,0.142857142857
3395610,0.0
4243019,0.275862068966
4228144,0.0952380952381
3403861,0.0
4214455,1.0
4330151,0.333333333333
4282254,0.232558139535
4307355,0.3
3139236,0.111111111111
4240520,0.233333333333
4234178,0.0
4461471,0.0
4307346,0.5
3216858,0.166666666667
4507128,0.0
4466067,0.0
4280586,0.0
4115761,0.0
3160959,0.0
3031925,0.5
2684078,0.0
3811185,0.0
4159611,0.0576923076923
4228153,0.147058823529
4507083,0.0
3207522,0.125
3031936,0.0
4234152,0.0
4383386,0.102564102564
3455787,0.222222222222
4432075,0.333333333333
4284010,0.0
4174885,0.25
4171266,0.2
4432325,0.166666666667
3031969,0.0
4432066,0.25
3101253,0.0
4356740,0.186528497409
3572926,0.0
3449075,0.0
2621629,0.0
3077203,0.0
4045379,0.454545454545
4245197,0.25
4445182,0.12
4180014,0.5
4162281,0.275229357798
4242578,0.130434782609
4365343,0.0
4330150,0.0
3647394,0.0
2488451,0.0
3031968,0.0
4234153,0.0
4180007,0.0
3964587,0.0
4308481,0.0
4355991,0.0
4028437,0.0
4432131,0.117647058824
4374709,0.0
4461470,0.0
4410830,0.0
3667288,0.0
4175205,0.0
4432324,0.0714285714286
2943152,0.0
4410823,0.142857142857
2771241,0.25
3031898,0.0
3160914,0.0
4432067,0.333333333333
4280594,0.0
3633375,0.0
3524671,0.0
4461463,0.0
4212548,0.0
4375427,0.0625
4076320,0.0833333333333
4234063,0.0
2474117,0.0
3031924,0.0
4501592,0.666666666667
4282219,0.0
4307354,0.0
4507082,0.0
4071039,0.25
4307347,0.0
4214454,0.0
4322406,0.111111111111
4480274,0.047619047619
4101380,0.125
4224421,0.0
4374935,0.0
3522072,0.142857142857
3139238,0.0
3455789,0.0
2725661,0.0
3442873,0.0
4180800,0.0
3735221,0.242424242424
3035800,0.0
4379345,0.125
4432172,0.0
4432068,0.125
4482298,0.214285714286
3999052,0.0
3035963,0.0
3267548,0.0
4139592,0.0
4307432,0.0909090909091
3035970,0.2
2830477,0.0
2941492,0.0
3756433,0.111111111111
4432042,0.0
3999089,0.0
4203909,0.0
4168107,0.0
4234280,0.0
4234176,0.0
3276560,0.0
4365717,0.0909090909091
4149616,0.333333333333
4168068,0.0
4307348,0.25
4455827,0.0
4294008,0.0
3695138,0.0
3609874,0.0
2981996,0.0
2983194,0.217005076142
3161007,0.0
4277709,0.0526315789474
3931961,0.269230769231
3777136,0.25
4045427,0.0
3654309,0.0
3977321,0.0
3073955,0.285714285714
3035801,0.0
4149608,0.1
4482299,0.225806451613
4362465,0.0
4273590,0.0
4374934,0.1875
4172835,0.0
2842644,0.144927536232
4432159,0.0769230769231
4365705,0.0
4307349,0.0
4051978,0.0
4322407,0.2
3999053,0.0
2769031,0.0
3326192,0.0
3035971,0.0
2365127,0.125
4432069,0.21875
4379388,0.109756097561
3106729,0.0
3606768,0.142857142857
4374718,0.1
4509198,0.0
3792159,0.235294117647
4234168,0.0
2114433,0.0
3073946,0.131578947368
3963030,0.333333333333
3020511,0.0
4176537,0.0
4175495,0.0
4480276,0.25
3548104,0.1
4139587,0.142857142857
2941490,0.2
2771239,0.166666666667
4228148,0.4
4294019,0.0
3999050,0.0
4180802,0.0
3842839,0.0
4367876,0.0
4180811,0.0
2770687,0.0
4455825,0.0
4379347,0.162162162162
3667278,0.0
3609876,0.0
3161004,0.0
3636009,0.0
2865446,0.25
3035802,0.0
4135987,0.0
3756408,0.0
3756422,0.0909090909091
3524627,0.0
4502996,0.0
4289080,0.2
4432167,0.0
3524630,0.0
3652524,0.0
2474127,0.0
4141254,0.333333333333
3522067,0.125
2865455,0.0
3073945,0.222222222222
4322578,0.0
3963033,0.142857142857
4365715,0.0
4180864,0.0
4322405,0.0
4064239,0.0
4311685,0.142857142857
4009029,0.0666666666667
2830467,0.0833333333333
3399996,0.5
2796754,0.125
4180865,0.0
3874552,0.5
4175494,0.0
3020500,0.0
3905506,0.333333333333
3035973,0.0
4248323,0.105263157895
3073944,0.0392156862745
4175487,0.0
4329512,0.0
4294018,0.0
4181202,0.0
3842838,0.0
4175209,0.0
3629484,0.0
4224417,0.0
4474205,0.0869565217391
4175137,0.0
4115755,0.142857142857
4379351,0.154362416107
3667284,0.0
4224422,0.125
4180829,0.0
4234283,0.0
3032679,0.0
2941491,0.0
4365714,0.0
4013101,0.0
4480263,0.238095238095
4234284,0.0
4172830,0.0
3035804,0.25
4180974,0.0
3522076,0.3
3977324,0.0
4331749,0.0
3326197,0.0
4115752,0.0
4141252,0.235294117647
4182239,0.0
4365700,0.0
4180862,0.0
4329515,0.0
3747938,0.196721311475
3865391,0.0
4173529,0.0
4248337,0.0322580645161
3073943,0.148936170213
3763701,0.0
3035839,0.0
2802119,0.0
3455792,0.166666666667
3073950,0.0408163265306
4348774,0.0
2316942,0.0
4149612,0.25
3106760,0.0
4180912,0.0
4317198,0.0
3276559,0.0
3032702,0.0
4307436,0.222222222222
4141253,0.111111111111
3130430,0.0588235294118
4359180,0.181818181818
4149666,0.0
3035966,0.0
3032703,0.0
4289090,0.0
2865441,0.0
3276565,0.0
4126089,0.130653266332
3999057,0.0
3977343,0.0
3735224,0.1
3073951,0.142857142857
2830472,0.0526315789474
4180805,0.0
3014310,0.210526315789
3668795,0.0
4180975,0.0
2865452,0.333333333333
3842861,0.222222222222
3865390,0.173913043478
3476109,0.0
4365712,0.125
4285663,0.0
4331748,0.318181818182
2413596,0.0
4348775,0.0
4474203,0.292517006803
3524620,0.5
4365701,0.153846153846
4234285,0.0
4329514,0.0
4181204,0.0
4402307,0.272727272727
4307437,1.0
4139580,0.0
4168138,0.0
4322400,0.125
3035976,0.0
2941494,0.0
4311680,0.181818181818
3763703,0.117647058824
4180976,0.0
4432044,0.111111111111
4432138,0.0
2725667,0.0
3522153,0.0
1972288,0.0
4115769,0.142857142857
2108149,0.0
1867865,0.0
3874548,0.0
4234170,0.0
3053983,0.0
4432303,0.0
4374933,0.0
4182196,0.0
4432053,0.0892857142857
3035965,0.0
4379354,0.0
4224438,0.0
4266807,0.0
4502981,0.0
4362462,1.0
3430492,0.0
3756426,0.0
2946248,0.166666666667
3524634,1.0
4141250,0.5
4181218,0.0
4474345,0.0
2786398,0.0
4009060,0.125
4180860,0.0
2941483,0.0769230769231
3963037,0.0
4307434,0.0222222222222
2865450,0.166666666667
4285661,0.0
3756427,0.0
2526049,0.222222222222
4139568,0.0
4365710,0.0555555555556
3035964,0.0
2946249,0.0833333333333
4439592,0.2
3276574,0.0
4248334,0.0
2865443,0.0
3763702,0.125
1972289,0.0
4266806,0.0
4432139,0.111111111111
2725666,0.0
4141251,0.157894736842
2865469,0.0
3073953,0.153846153846
2830470,0.0
3276567,0.0
4307512,0.0
4480273,0.175
2941495,0.0
4365703,0.166666666667
4181220,0.0
4432302,0.0
3035911,0.333333333333
4359289,0.125
4224426,0.153846153846
4374932,0.125
3643435,0.0
3999055,0.0
4365299,0.0
4234287,0.0
3494486,0.0
3977327,1.0
4180977,0.0
4013112,0.5
4307435,0.0975609756098
2939023,0.0
3537540,0.428571428571
4449721,0.125
4294000,0.0
3017457,0.0
2768293,0.133333333333
3036535,0.0454545454545
4273586,0.0
4064232,0.2
3668798,0.0
4224443,0.166666666667
4331994,0.141304347826
4168019,0.0
4182235,0.125
3606761,0.0
2983717,0.0
4277713,0.125
4365726,0.166666666667
3522094,0.0909090909091
2618987,0.0
3035978,0.0
4294013,0.0
3842846,0.0
3831321,0.0
4180808,0.0
4445651,0.333333333333
3756428,0.0
4331987,0.0
3782054,0.5
3654270,0.0
4348778,0.0
4180835,0.0
4277616,0.333333333333
2865466,0.5
3032672,0.0
2768280,0.0
4180822,0.0
4176481,0.0
2698762,0.0
3520260,0.0
4449720,0.571428571429
4273598,0.0
4365297,0.0
4358154,0.222222222222
4173519,0.333333333333
4064233,0.0
1972287,0.0
3476116,0.0
4331995,0.19298245614
4175449,0.0
3032673,0.0
4366335,0.133333333333
3586211,0.125
4175276,0.0
4294001,0.0
4374710,0.0909090909091
3216949,0.2
2814333,0.2
3852204,0.0
4273587,0.0
3653898,0.0263157894737
4228136,0.0
2963912,0.0
4180979,0.0
3522086,0.375
4180823,0.0
4331986,0.142857142857
3933457,0.173913043478
4359254,0.0
4316912,0.0
4005157,0.0588235294118
4359298,0.0
4180834,0.0
3020524,0.0
3563604,0.239583333333
4094444,0.0
4019700,0.0
4449723,0.115384615385
3831316,0.333333333333
3792141,0.0
3792152,0.0
3586238,0.0
4331996,0.178571428571
4365724,0.184210526316
3643603,0.0
4366325,0.19696969697
3326199,0.0
3476115,0.25
4005262,1.0
4180820,0.0
3831323,0.166666666667
4277711,0.171428571429
3115528,0.0
4294002,0.0
4482292,0.166666666667
4438600,0.0
4316928,0.153846153846
4139576,0.0
3263090,0.0
3534051,0.0
4395792,0.0
3786052,0.166666666667
3643438,0.2
3964537,0.0833333333333
4374713,0.2
4171806,0.0
3586322,0.0
4374928,0.08
4449722,0.0882352941176
4445652,0.0
4317715,0.0
4294003,0.5
4366324,0.145161290323
4316910,0.25
3522097,0.0869565217391
4189945,0.0
4004079,0.111111111111
1972285,0.166666666667
4374727,0.142857142857
4331997,0.0909090909091
4175432,0.0
4439501,0.0
4058698,0.0
4139542,0.0
3163421,0.0
3557512,0.0
2778398,0.0
3035946,0.0
2865465,0.0
2940481,0.0
3263086,0.0
4365725,0.08
3035951,0.0
4448642,0.0
4482293,0.0
3276556,0.5
4173508,0.0769230769231
4180821,0.0
4402309,0.0434782608696
3756401,0.0
4071462,0.0
3263091,0.0
3967124,0.0714285714286
3032671,0.2
3078354,0.2
3999082,0.0
4273585,0.0
3522079,0.214285714286
4366337,0.0857142857143
4374929,0.0625
4478826,0.0909090909091
4359251,0.25
4294004,0.111111111111
3476113,0.0
2814336,0.0
4445660,0.0
4316917,0.166666666667
4359246,0.0
4064236,0.155555555556
4331990,0.157894736842
3522083,0.222222222222
4374715,0.285714285714
3643605,0.6
2654271,0.0
4366323,0.25641025641
3900641,0.125
4365708,0.0714285714286
4374733,0.117647058824
4317712,0.25
3357261,0.0
4294017,0.333333333333
4322576,0.0
4139545,0.166666666667
3606765,0.25
2865462,0.0
1935940,0.0
4173460,0.0
3721277,0.047619047619
3557515,0.0
4438611,0.0
3756411,0.0
4076608,0.0
4469486,0.195652173913
4318029,0.0
4180826,0.0
4482294,0.3
3756406,0.0
3848105,0.0833333333333
3782050,0.0
4180831,0.0
3967123,0.0
3770483,0.0
4449724,0.0555555555556
1992494,0.0
4294005,0.176470588235
4181239,0.0
4180827,0.2
3782042,0.333333333333
4224419,0.0
4005153,0.157894736842
3522091,0.166666666667
2557146,0.0
2941488,0.0
4395786,0.0
3999138,0.0
3189023,0.25
4064237,0.150943396226
3078352,0.0526315789474
3586215,0.0
4374938,0.0
3449002,0.12
2698766,0.25
3546026,0.0
3606764,0.181818181818
4273583,0.0
4180830,0.0
4482295,0.0
4175254,0.0
4359250,0.0
3520242,0.0
4438607,0.0512820512821
4084965,0.0
4294016,0.0
3874525,0.266055045872
4365723,0.0833333333333
4161417,0.0
4189936,0.214285714286
3032677,0.0
3520264,0.0
4171801,0.0909090909091
4479409,0.0
3933450,0.0350877192982
2698765,0.0
4294015,0.0
3400165,0.0
4173578,0.0
2865460,0.0
4322408,0.0
3842835,0.125
2768295,0.115942028986
4365720,0.051724137931
4445662,0.214285714286
4203907,0.2
3263094,0.333333333333
4331992,0.0434782608696
3756404,0.0
3032674,0.0
4374731,0.0
3842840,0.0
4498866,0.0
3443843,0.25
4482296,0.0
4064483,0.0
4294006,0.0
3782052,0.25
4139572,0.166666666667
4395796,0.0
4228131,0.047619047619
4374717,0.0
2597057,0.0
4175257,0.0
3073949,0.222222222222
4005150,0.0
4180833,0.0
4409487,0.329501915709
4173456,0.0454545454545
4322409,0.206896551724
4173470,0.0
3933451,0.176470588235
4168144,0.0
4316914,0.0
4294014,0.0
4331993,0.0561797752809
4449726,0.108108108108
4181211,0.0
2865458,0.0
2891512,0.0
3853018,0.0
3520266,1.0
3842841,0.0
4180825,0.0
1992496,0.0
3502301,0.0
3677296,0.0
4182269,0.0
4005274,0.25
4176486,0.0
4372192,0.0
4175403,0.0
4482297,0.25
4337119,0.0666666666667
3782053,0.666666666667
4445656,0.333333333333
3078350,0.05
3709935,0.2
4370815,0.08
4366333,0.190476190476
4009025,0.0
3032675,0.0
3107859,0.0
4449743,0.0
3999034,0.2
4469532,0.0
2114461,0.0
2768288,0.0
4318032,0.142857142857
3837103,0.0
4451676,0.118421052632
4228160,0.142857142857
4474192,0.210810810811
3678409,0.0
3377010,0.125
2642588,0.0
3726940,0.2
2570629,0.08
3522124,0.142857142857
4449736,0.18
4322419,0.4
4366316,0.253846153846
4311295,0.6
2526051,0.111111111111
3838986,0.113636363636
4051988,0.25
4175453,0.0
4479407,0.0
1634670,0.0
4359291,0.0
3216953,0.166666666667
3580902,0.0
3520298,0.166666666667
3992478,0.0
4014726,0.0
3299632,0.0
4449728,0.063829787234
3449107,0.0
3498431,0.0
4175232,0.0
3726941,0.0
2873947,0.0
3999035,0.0
4469533,0.0
3216938,0.0
3586233,0.0666666666667
2570628,0.0243902439024
3811223,0.0
3823064,0.117647058824
2712640,0.0
4318033,0.0
4176509,0.0
3035878,0.333333333333
4005254,0.0
4175247,0.0
3931064,0.0
3522125,0.0
4359290,0.0
3472071,0.0
3522110,0.0
4451747,0.0769230769231
3683370,0.0833333333333
3586303,0.0
3432822,0.0882352941176
4311294,0.125
2937194,0.166666666667
4359293,0.444444444444
3677284,0.0
2458110,0.0
3932242,0.142857142857
3073710,0.333333333333
2526088,0.0526315789474
4173501,0.0
4065840,0.0
4228162,0.0909090909091
4181892,0.0
2946406,0.142857142857
2371886,0.147058823529
4316920,0.153846153846
2806126,0.0
4372188,0.0
2946433,0.0
1783000,0.0
3847568,0.0
3522113,0.0
3096878,0.0
3126957,0.0
3165567,0.125
4005257,0.0
3792691,0.04
3721279,0.166666666667
4193132,0.588235294118
4181881,0.0
2765410,0.0
3741071,0.0
3586487,0.2
4014655,0.0
4316919,0.0
4012047,0.0
2891394,0.0
2712642,0.0
4318031,0.0
3683354,0.0
3882140,0.0606060606061
4175090,0.0
4485670,0.0
3782123,0.0
4359292,0.142857142857
3096879,0.0
4014647,0.0
3022919,0.0
3432820,0.0833333333333
4005241,0.2
2642598,0.0
3768295,0.0
3498433,0.166666666667
4014984,0.0
3259375,0.0
4210322,0.2
4316921,0.0
3165571,0.0
3916519,0.0
3978924,0.0
2814339,0.333333333333
3605778,0.0
4318026,0.0869565217391
3580901,0.0
3811221,0.0
4014983,0.0
3037121,0.0
3216957,0.138888888889
3751498,0.2
3932244,0.0909090909091
2937192,0.142857142857
3782124,0.0
4444010,0.176470588235
3115456,0.0
3916659,0.0
3643443,0.333333333333
3931061,0.0
4479403,0.0
3978905,0.0
3847489,0.0
3768397,0.0
4271052,0.217280813215
4449718,0.0
4210325,0.047619047619
3726944,0.0
4175457,0.0
4175408,0.0
3522120,0.0
4161409,0.0
4322428,0.181818181818
4366338,0.0
4362977,0.0
2937193,0.2
2891518,1.0
3115527,0.0
3768293,0.0
1882360,0.0
4193135,0.153846153846
3165577,0.153846153846
4175193,0.0
3683352,0.0
3916676,0.0
3072109,0.0
4331999,0.0
4145910,0.4
2114442,0.0
2937096,0.0
4181895,0.133333333333
3838983,0.0315789473684
3964538,0.0
3811227,0.0
3889752,0.0555555555556
3643464,0.0
3928710,0.0
3093733,0.0
2017956,0.5
3741076,0.0
4013231,0.0
3999141,0.0
4175445,0.0
4359294,0.3125
4145837,0.0
4474319,0.0
3792696,0.0
3522121,0.125
3586310,0.0
2802600,0.0
2946434,0.0
2114464,1.0
4022618,0.169014084507
3809881,0.0
2937190,0.0
3101020,0.0
2114467,0.0
2766338,0.0
4068999,0.0
3534064,0.166666666667
4014732,0.0
3035929,0.0
2892246,0.0
3115454,0.142857142857
3165574,0.285714285714
2458114,0.0833333333333
2946341,0.0
3035859,0.0
3052092,0.0
3751553,0.0
4409598,0.136363636364
4479401,0.0
4210327,0.0
4359297,0.166666666667
2891391,0.0
4145834,0.0
4064249,0.0
4228139,0.25
4175190,0.0
4014651,0.0
4189948,0.0
4181885,0.0
3792686,0.0
2946437,0.0
4444012,0.117647058824
4014706,0.166666666667
4014980,0.0
2557162,0.166666666667
3115455,0.0
4479400,0.0
4485674,0.5
4359296,0.0625
3636053,1.0
4318035,0.0
3702332,0.0
3809880,0.0
3522116,0.0
4181897,0.0
3933459,0.184210526316
3751475,0.0740740740741
4065845,1.0
4409599,0.0833333333333
3093744,0.0
4449731,0.0882352941176
3432824,0.121212121212
4145835,0.115384615385
3035928,0.0
3502275,0.0
3992458,0.0
3633393,0.0
3545119,0.0
4300767,0.0
3995092,0.111111111111
3443957,0.0
3992471,0.0
3751494,0.0
4196753,0.333333333333
4322411,0.104166666667
4322424,0.0
4119385,0.0
4317709,0.0
3812717,0.0
2684090,0.0
4266405,0.0
3792688,0.214285714286
4439577,0.105263157895
3683366,0.0
3326881,0.0
2303184,0.0
4262513,0.0
1430283,0.0
3995085,0.117647058824
4359321,0.0
4432420,0.210526315789
3035927,0.0
1621005,0.0
3950082,0.0
3605773,0.137931034483
3035857,0.0
4359268,0.222222222222
4319699,0.125
4409589,0.625
4359314,0.0
3035871,0.0
4266755,0.0
4210329,0.0909090909091
3812748,0.368421052632
4064247,0.0869565217391
3999100,0.333333333333
2856951,0.0
4266743,0.0
3072130,0.0555555555556
3677467,0.101694915254
4322425,0.2
2983631,0.0
4064246,0.0
4317708,0.0
3722484,0.0
2303185,0.0
3035845,0.0
4181899,0.0
3933448,0.0
3928196,0.0
1430282,0.0
2693266,0.0
3999017,0.0
3276730,0.0
2446842,0.2
3299629,0.0
3036545,0.0
4300775,0.0
3643468,0.0
2642581,0.0
3443790,0.0
3408881,0.0
3812749,0.555555555556
2814355,0.5
4083133,0.0
3792689,0.0769230769231
4474166,0.5
3035935,0.0
3812716,0.222222222222
4266410,0.0
4266670,0.0
2857397,0.0
4266407,0.0
3443955,0.0
3411996,0.0
3093679,0.0
3979001,0.0
3865515,0.230769230769
3751548,0.0
4300435,0.0
3722490,0.0
3722850,0.25
4469538,0.0
3823078,0.0
4300426,0.0
2856848,0.0
4069718,0.0
4427198,0.0833333333333
4359279,0.285714285714
4322413,0.0
3636405,1.0
3555689,0.133333333333
3702328,0.0
3443836,0.0
4405598,0.0
4196751,1.0
4474165,0.0
4047897,0.0
4300764,0.166666666667
3886175,0.0
4157731,0.166666666667
3992454,0.0
3886113,0.0
4196750,0.0
2857381,0.0
2983633,0.0
3995091,0.0
3964402,0.289340101523
3051863,0.0
4064257,0.0
4322427,0.0
4289074,0.227272727273
3035937,0.0
4119386,0.0
2814344,0.0
3677410,0.25
3995086,0.2
3035902,0.0
3991594,0.0
3072114,0.142857142857
4143262,0.5
4359322,0.0
4322412,0.322580645161
4300427,0.0
2814362,0.0
4478854,0.0
3035872,0.0
3722846,0.324324324324
3605770,0.0
3995096,0.111111111111
3036540,0.0
3107860,0.0
3562678,0.25
3692135,0.0
4300433,0.0
4176517,0.0
4359325,0.0
3523318,0.0833333333333
3035840,0.0
4300770,0.0
3812713,0.0
3522128,0.0909090909091
3990756,0.0434782608696
3072113,0.153846153846
3171087,0.0
4266401,0.0
3625159,0.0
3035930,0.0
4359310,0.0
4322415,0.2
1955043,0.0
3865513,0.0
3035905,0.0
4445178,0.0769230769231
2814350,0.0
3483135,0.170731707317
3906359,0.115384615385
3847570,0.0
3887628,0.0
4062037,0.0
4012049,0.0
3522129,0.181818181818
1363764,0.0
3625165,0.0
4176475,0.0
3886173,0.0
4359324,0.0
4359302,0.0
4445179,0.0
3756498,0.0
4210319,0.0
2814342,0.0
3035874,0.0
3999013,0.0
4300432,0.0
3326884,0.0
3605765,0.333333333333
3107872,0.111111111111
3073708,0.0
4322414,0.257142857143
4069735,0.166666666667
4316949,0.153846153846
4322421,0.153846153846
3522103,0.333333333333
4176505,0.0
3975572,0.1
4474188,0.189655172414
4478932,0.142857142857
4266674,0.0
3991582,0.0
3019664,0.5
3035932,0.0
3812711,0.142857142857
4075711,0.142857142857
3522139,0.0
3677406,0.5
3522100,0.0
3093738,0.0
3976615,0.4
3072111,0.0
4359327,0.0
4012059,0.5
3520296,0.1875
4064241,0.0
4362992,0.0
4176465,0.0
4438587,0.0
4359338,0.125
4451678,0.0645161290323
4311059,0.157894736842
4064252,0.0
3838988,0.0740740740741
4259870,0.1
3949921,0.0
3107871,0.0
2570627,0.0285714285714
3763813,0.142857142857
4322417,0.0454545454545
4069736,0.0
3865511,0.0
4300772,0.0
3036542,0.206896551724
4266689,0.0
4014765,0.5
3558677,0.0
2289780,0.0833333333333
4486604,0.0
4014661,0.0
3995095,0.0
3326899,0.0
4195841,0.0
3035876,0.0
3605767,0.360655737705
4359300,0.2
4210267,0.0
1955066,0.0
2769895,0.0
4083135,0.0
4322416,0.117647058824
3636400,0.0
2983637,0.0
4262514,0.0
4300430,0.0
3107870,0.0
2814353,0.5
3928550,0.0
4362993,0.0
4300423,0.0
3763812,0.0
3072110,0.166666666667
4322430,0.5
1955053,0.0
4064253,0.0
4359339,0.0
4359326,0.0
3035933,0.0
3093739,0.0
4289603,0.111111111111
4474173,0.0
4451679,0.0357142857143
4012061,0.0
3643471,0.133333333333
4354537,0.0
4354511,0.129032258065
3812726,0.0571428571429
2856972,0.0
3916549,0.0
4005048,0.0
4411584,0.113402061856
2947832,0.0833333333333
4266694,0.0
3315986,0.0
3443799,0.0
3916729,0.0
4243967,0.0
4273775,0.0
3811257,0.199367088608
4359343,0.0
4064298,0.238095238095
3150491,0.0
4438589,0.0
4355707,0.333333333333
3032210,0.0
3000992,0.0
4243941,0.0
3412212,0.0
3768322,0.0
4300419,0.0
3859433,0.0
2947902,0.124137931034
4438596,0.0
4069738,0.0
3051855,0.0
3812753,0.0
4210923,0.166666666667
4075674,0.285714285714
4354524,0.25
2291513,0.0
4359336,0.0
2937152,0.0
3811208,0.217391304348
2421361,0.0
4291223,0.235294117647
4405592,0.142857142857
4300460,0.0
3323705,0.0
4353366,0.0723270440252
3032211,0.0
4354536,0.25
3886119,0.12
3837083,0.0
3479337,0.0
4362920,0.0
3277427,0.0
4409580,0.146341463415
4312523,0.333333333333
4300418,0.0
4359342,0.0
4064439,0.0
4005049,0.0
4359261,0.0
3323713,0.333333333333
3847413,1.0
4083443,0.0
4266695,0.0
3812752,0.222222222222
3094134,0.0
4438597,0.0
4361583,0.0
4157298,0.0
3031588,0.0
3880553,0.142857142857
3872453,0.0645161290323
4355706,1.0
3625154,0.0
4273763,0.0
2937188,0.5
4032388,0.0
4359272,0.25
4355715,0.0
4212322,0.0
3032202,0.0
3685992,0.0
4359328,0.222222222222
4405593,0.04
4354639,0.0
4354535,0.25
4355716,0.0
4248102,0.178743961353
4005059,0.25
3328272,0.0
4304611,0.333333333333
4266418,0.0
4359334,0.25
3859422,0.2
4361207,0.0
3625157,0.0
4353365,0.108108108108
4274260,0.0
4356843,0.0
4317703,0.181818181818
3811219,0.127659574468
4361210,0.0
4405590,0.182142857143
3847410,0.25
4273760,0.0
3573047,0.0
3323707,0.0588235294118
4317655,0.0
4300471,0.0
4354643,0.2
3032212,0.0
4388992,0.0
4011564,0.0
3051857,0.0
4359204,0.0
4438594,0.0
4312537,0.103448275862
3555692,0.25
4362916,0.0
4359271,0.375
3880550,0.0
3995098,0.0
3326894,0.0
1692126,0.0
4355705,0.0
4122327,0.047619047619
2023116,0.333333333333
4242934,0.0
4273776,0.0
4266697,0.0
3973855,0.125
4354534,0.0
3271423,0.0
4179560,0.0
4388993,0.0
2421362,0.0
4273761,0.0
3756377,0.0526315789474
4304610,0.0
2841724,0.0636363636364
4354527,0.2
4411587,0.0909090909091
4353364,0.13323782235
3880551,0.0
4069706,0.0
3886126,0.031746031746
4316947,0.0
3971318,0.0
4146074,0.0
3922862,0.0
3768336,0.0
4399883,0.269230769231
4212319,0.5
4405591,0.0777777777778
3323711,0.0
4069711,0.0
3847406,0.0
3822278,0.0
3751534,0.0454545454545
2856841,0.0
4438595,0.0454545454545
4112641,0.5
3751533,0.0
4300464,0.0
4069716,0.166666666667
4248104,0.363636363636
3944102,0.0
3686277,0.0
4370621,0.0
2401815,0.0
3973852,0.0
4039021,0.0
2524112,0.0
4266669,0.0
3537535,0.0
3555694,0.294117647059
4319695,0.125
4355703,0.0
3847416,0.307692307692
3686134,0.130434782609
4243945,0.0
4411580,0.102362204724
2770678,0.0
4355710,0.0
4354533,0.0
2856846,0.0
4361201,0.0
3995089,0.0625
4143258,0.333333333333
4411579,0.252100840336
4429275,0.0
3971331,0.0
3768256,0.0
4354520,0.2
3670218,0.2
3880556,0.0
4388987,0.2
4405596,0.0588235294118
4291227,0.157894736842
4359332,0.0
3713782,0.0
3096731,0.0
4145850,0.0
4266683,0.0
3880541,0.0
3722849,0.130434782609
3933445,0.0
3670219,0.0
3859436,0.0
4134965,0.125
3886137,0.0
2421351,0.0
3323700,0.0
2906188,0.0
3880540,0.0
3150494,0.0
3865509,0.5
3812723,0.0
3859573,0.0
3847417,0.5
4312527,0.111111111111
4355614,0.0
3933462,0.275362318841
4179575,0.0
4273789,0.0
4273770,0.0
3837087,0.0
4212326,0.0
4161295,0.4
3686276,0.0
4189594,0.0
4243971,0.0
4037048,0.5
3934760,0.333333333333
4060530,0.0416666666667
3973853,0.0
3558663,0.0
3031773,0.153846153846
4300465,0.0
3837700,0.051724137931
4359276,0.2
3880557,0.0
2790538,0.0277777777778
4388995,0.0666666666667
4273767,0.0
4193180,0.0
4319694,0.0625
3812709,0.5
4266794,0.0
4253798,0.0526315789474
3093719,0.0
3587094,0.5
3922851,0.0
4122320,0.0
4370620,0.333333333333
4355712,0.166666666667
3746957,0.0
4006098,0.0
2814349,0.0
4243958,0.0
4300769,0.0
3573043,0.0
4470929,0.214285714286
4055410,0.166666666667
4361203,0.0
4388996,0.133333333333
4161425,0.0
4039023,0.0
3323703,0.0
4112733,0.0
4409587,0.358974358974
3277370,0.0
2446838,0.0
3812755,0.25
4083444,0.2
4266692,0.0
4196728,0.0
4266681,0.0
3094133,0.0
3971324,0.0
3549046,0.0
3031590,0.0
4304660,0.0
3865520,0.0
4354647,0.136363636364
3055714,0.265306122449
4018758,0.357142857143
4273764,0.0
4319697,0.0
3837079,0.0
4359330,0.2
3770602,0.0
3751531,0.0512820512821
3670209,0.0
3012588,0.0833333333333
4312524,0.0
4069702,0.0
3326891,0.0
3973851,0.166666666667
4011561,1.0
4355700,0.0
4266693,0.0
4470928,0.25
4359331,0.222222222222
4355713,0.0
4478928,0.0
4354530,0.0
3035986,0.0
3685994,0.0
3984884,0.0
4274265,0.0
4319696,0.0
4354646,0.153846153846
2023113,0.285714285714
3023938,0.0
4300438,0.0
3847415,0.142857142857
4273772,0.0
2814348,0.0
4112655,0.0
2913184,0.0
4083148,0.0
3949928,0.0
3150496,0.142857142857
4429276,0.166666666667
4248107,0.0714285714286
4273798,0.0
2999348,0.111111111111
4312455,0.0
4300768,0.0
4193182,0.375
3854499,0.0
4178714,0.0
3573019,0.0
2856845,0.0
2981208,0.0
4438591,0.0
3812982,0.2
3047801,0.666666666667
4398612,0.166666666667
2460476,0.0
3916721,0.25
4264238,0.151515151515
3992480,0.0
4266298,0.157894736842
4011535,0.333333333333
4486272,0.25
4457007,0.0714285714286
4318421,0.189189189189
4242829,0.0
3104717,0.214285714286
3628484,0.0
4317204,0.153846153846
4361564,0.152173913043
4062018,0.0
3768281,0.0
3035880,0.0
4266711,0.0
4319707,0.117647058824
3992026,0.0952380952381
4486355,0.0
2926873,0.0
4455768,0.157894736842
4457021,0.125
4398555,0.0285714285714
4398542,0.153846153846
4207985,0.0
3854489,0.172413793103
3837147,0.0
2752872,0.333333333333
3650050,0.0
3886455,0.146341463415
4486342,0.0
4037027,0.0
2768301,0.0
3854535,0.0
3670214,0.0
2823024,0.0
3976679,0.0
3933957,0.0
4274297,0.0
4265084,0.142857142857
4207992,0.0
3422691,0.0
4253795,0.0
2769478,0.0
2920081,0.25
4265166,0.0
3624193,0.0
3626524,0.0
3635256,0.1
3150506,0.0
4196738,0.0
3123834,0.0
4011699,0.0
3753174,0.0
3035988,0.0
4133663,0.0909090909091
4179544,0.0
4266299,0.0769230769231
4319706,0.181818181818
4398613,0.0
3581962,0.0
3613050,0.5
3088096,0.30303030303
4457136,0.0
3886454,0.138888888889
3418967,0.2
4327260,0.0
4447043,0.0
2935515,0.0
4266725,0.0
4236715,0.0
3037058,0.0
4304609,0.375
3992027,0.222222222222
4486354,0.5
3563935,0.0
4266440,0.0
4326825,0.25
3936850,0.0
3134153,0.0882352941176
3953994,0.0
2856753,0.0
4011689,0.0
3670216,0.2
4354571,0.5
3036731,0.0
4491465,0.0
3886457,0.0555555555556
4398540,0.176470588235
4266726,0.0
3123837,0.25
3768283,0.0
4133660,0.0
4242834,0.0
4179569,0.0
4274268,0.0
4266443,0.0
2754674,0.235294117647
4491429,0.0
4319705,0.0714285714286
3323718,0.25
4273795,0.0
3922889,0.166666666667
3035882,0.0
4236716,0.0
3104715,0.0
3299666,0.0
3088095,0.0
4243954,0.0
4458992,0.0
4266649,0.111111111111
3581961,0.0
2937183,0.0
3934518,0.166666666667
2948611,0.0
4361566,0.0
4273768,0.0
4266735,0.0
4265086,0.125
3209344,0.0
4318423,0.125
4312528,0.242857142857
3886440,0.0454545454545
3811202,0.0
4388989,0.142857142857
4266727,0.0
3727373,0.333333333333
4491464,0.272727272727
4398611,0.25
3670204,0.0
4350765,0.208333333333
3019157,0.0
3749179,0.1
4074380,0.5
4274287,0.0
3880559,0.125
4319704,0.111940298507
3725960,1.0
3047802,0.0
3837089,0.0
4361219,0.0
4458993,0.0
3628487,0.333333333333
4354563,0.0
3600023,0.0
3626531,0.0
1838958,0.0
3753176,0.0
3944141,0.0
3886096,0.0425531914894
4312459,0.0
3763838,0.0357142857143
3681688,0.142857142857
4273769,0.0
3093722,0.0
4266734,0.0
4318422,0.125
4486271,0.0
3837157,0.0
3628494,0.0
3753188,0.1
4212316,0.0
2937185,0.25
3886451,0.257731958763
3727374,0.0
4486351,0.5
2752876,0.25
3628480,0.0
4317200,0.25
4318425,0.333333333333
3703004,0.125
3753171,0.111111111111
4354634,0.0
3418948,0.428571428571
3323709,0.0
4470930,0.2
3613055,0.0
4486346,0.0
4447046,0.25
3093725,0.0
3989376,0.111111111111
4037005,0.0
3036724,0.0
3753189,0.166666666667
2948605,0.0
2936284,0.333333333333
4082772,0.0
3104734,0.181818181818
3628478,0.0
4470904,0.0
4436159,0.230769230769
3113525,0.037037037037
4274292,0.0
3624197,0.0
4458995,0.0727272727273
4273792,0.0
4354565,0.4
4470931,0.3
4317201,0.333333333333
1151796,0.0
3123830,0.0
3556030,0.0769230769231
4319702,0.0
4491462,0.230769230769
3727375,0.0
4398547,0.0769230769231
4398617,0.0757575757576
2498373,0.0
3886447,0.118421052632
4398550,0.0
4075679,0.0
3600036,0.0
4083151,0.0
4273778,0.0
4486347,0.0
4274278,0.037037037037
3703005,0.333333333333
4471828,0.25
3910124,0.0
4265171,0.0
4318438,0.142857142857
4266717,0.0
4491458,0.0833333333333
4398544,0.0
3635251,0.0
3838997,0.0
3628491,0.111111111111
4037007,0.333333333333
3628482,1.0
4492161,0.0
4212314,0.0
3093727,0.0
4470932,0.444444444444
2768277,0.0
3035990,0.0
3299662,0.0
3069289,0.0
3916727,0.0
4398614,0.0
4005046,0.0
4355709,0.5
4317202,0.166666666667
4436149,0.0
4355675,0.142857142857
2569342,0.0
3886444,0.242424242424
3859523,0.5
2752874,0.0
1468785,0.0
3748090,0.0
4179554,0.0
4319701,0.0
3346607,0.0
3266350,0.0
4398553,0.0454545454545
4145849,0.0
3670212,0.0
4447053,0.0526315789474
3404047,0.0
4265146,0.0
4266716,0.0
4005047,0.0
3811214,0.0
4447045,0.25
2856755,0.0
4274290,1.0
4266709,0.0
3123832,0.0
4354637,0.25
4486345,0.105263157895
4486352,0.0
2987138,0.0
3670200,0.0
4038652,0.142857142857
3299663,0.0
3069288,0.0
4082756,0.0
4436148,0.375
2569343,0.0
4398545,0.0833333333333
3886148,0.0188679245283
4398552,0.0416666666667
4133665,0.0
2752875,0.0
3777800,0.0
4327253,0.2
4354567,0.0
4457039,0.2
3863361,0.0
4318426,0.222222222222
3162534,0.125
3035887,0.0
3036727,0.0
4320916,0.0
3725952,0.0
4436154,0.210526315789
4054998,0.0
3422497,0.0
4490338,0.0666666666667
4265149,0.0
4011625,0.0
3537430,0.0
3298007,0.0
3050517,0.135802469136
3749172,0.3
4274464,0.0444444444444
4436161,0.0384615384615
2977307,0.0588235294118
3812977,0.0
4159572,0.1
3880578,0.285714285714
4180686,0.0
4491449,0.0
3768371,0.0
3000471,0.0422535211268
4318436,0.285714285714
4491456,0.1
3635381,0.0
4097836,0.0
4266706,0.0
4455773,0.0
4426766,0.0714285714286
2358603,0.0
3049890,0.1
3305983,0.0
3602945,0.0
4179615,0.0
4457036,0.0
3035698,0.0
4409571,0.0
4436155,0.166666666667
4308977,0.0
4361240,0.0
4037017,0.0
4265148,0.0
3000470,0.0714285714286
3768309,0.0
4323682,1.0
3677445,0.0
4436160,0.210526315789
4491457,0.0
3573000,0.0
1946734,0.0
4062011,0.0
3653447,0.0
4491448,0.0
4145158,0.0
2129882,0.333333333333
2129891,0.0
4266422,0.0
2987136,0.2
4426767,0.0
3859568,0.181818181818
3441644,0.0
3768370,0.0
4273705,0.0
4455772,0.166666666667
4318428,0.17037037037
4237082,0.0
4266761,0.0
3886146,0.0333333333333
4180684,0.0
4436156,0.111111111111
4491454,0.205882352941
4093618,0.333333333333
3732341,0.25
2359101,0.0
4273715,0.0
3753186,0.0
4426764,0.166666666667
3886075,0.0315789473684
4265154,0.0
4326725,0.2
2027686,0.0
4179600,0.0
3096885,0.0
4318434,0.194444444444
3812975,0.0
4362048,0.307692307692
4436163,0.16
4426588,0.08
2693764,0.0
4361243,0.0
4240454,0.0
4361229,0.0
4266704,0.0
1946737,0.0
3019765,0.0483870967742
3635383,0.25
4455771,0.0
4361265,0.2
3050515,0.0
4274466,0.0
4318441,0.0740740740741
3863892,0.0
4409572,0.0
4308974,0.0333333333333
3096884,0.0
4131854,0.0
4491455,0.0769230769231
3655339,0.5
4240635,0.285714285714
3596050,0.0
4266705,0.0
2205498,0.0
4037060,0.125
4455770,0.0
4180685,0.0
3394050,1.0
4326724,0.0
3768372,0.0
4471808,0.0
4265155,0.0
3210552,0.0
2648471,0.0
3595785,0.0
4237080,0.0
4410269,0.0865384615385
4323680,0.0
3573024,0.0
3036811,0.0
3732340,0.0
4097840,0.0
2926878,0.25
2810007,0.0
3886157,0.0
4436144,0.2
2937102,0.0
3596025,0.0
4179731,0.0
3859481,0.2
3886449,0.0925925925926
4362049,0.0
4112747,1.0
4405018,0.0
4426589,0.294117647059
3035641,0.0
4240455,0.0
4409573,0.0
4112637,0.0
3602946,0.0
4471974,0.0
3830817,0.0
4326730,1.0
3046015,0.0
3971375,0.0
4327258,0.0
4266452,0.0
4436150,0.111111111111
3596057,0.0
4469961,0.0625
3035646,0.0
4062014,0.333333333333
4264234,0.2
3984911,0.142857142857
4363092,0.157894736842
4266777,0.0
4361263,0.0
4110153,0.0
3768340,0.0
4211726,0.0
4436143,0.411764705882
3094140,0.0
3732332,0.0689655172414
4318432,0.277777777778
3886143,0.0
3035761,0.0
4045501,0.111111111111
4491452,0.1
4491427,0.0
3763837,0.1
4494789,0.0
4350591,0.214285714286
4426762,0.0
4265152,0.0
3309309,0.0
4361003,0.0
3768375,0.0
3323763,0.333333333333
4236718,0.333333333333
3573030,0.0
3886150,0.05
4409574,0.0
4361245,0.0
4273700,0.0
2857373,0.0
2397488,0.0714285714286
2519035,0.0
4273701,0.0
3046014,0.0
4236719,0.0
3660023,0.142857142857
3595783,0.0555555555556
4436151,0.216216216216
2863348,0.0
4199528,0.0
4365446,0.0
3096882,0.0
4062015,0.0
3659997,0.25
3732333,0.0833333333333
4157302,0.0
3191497,0.0
4274461,1.0
2856924,0.0
2693763,0.142857142857
4236746,0.0
4318433,0.0952380952381
4179607,0.0
4494788,0.0
3035760,0.0
4179539,0.0
4045500,0.0833333333333
2288583,0.0
4491426,0.0
4349699,0.0
4179610,0.0
4266703,0.0
4011549,0.0
3802160,0.0769230769231
4491453,0.25
4361262,0.0
3537435,0.0
3573004,0.0
3602940,0.0
3660045,0.0
3763836,0.159090909091
4455765,0.0
4180683,0.0
3768377,0.0
2397499,0.0
4142189,0.166666666667
3035774,0.0
4491450,0.0
3691437,0.0
4409565,0.333333333333
4112621,0.0
3697471,0.130434782609
4097845,0.0
3035789,0.0
2827996,0.0
4265169,0.0
3035763,0.0
4362066,0.125
4304659,0.0
2937107,0.0
4455766,0.142857142857
3976651,0.0
3911043,0.0
4436152,0.0588235294118
4011559,0.0
4318430,0.228915662651
3096881,0.0
3336811,0.0
4266766,0.0
4040953,0.0
4361001,0.0
3753191,0.0
4398409,0.0
4361258,0.0
3768351,0.0
3854487,0.0625
4326718,0.0
3820130,0.263157894737
4370757,0.0909090909091
3309325,0.0
4455775,0.0
4485918,0.0
4266739,0.0
3573021,0.0
4273702,0.0
3732330,0.03125
1380467,0.0
3573032,0.0
3035775,0.0
3322059,0.0
4485919,0.0
4491451,0.166666666667
3802188,0.0
4180454,0.0
4409564,0.0
4398538,0.0
4060576,0.142857142857
4266297,0.0
3336810,0.0
3049884,0.0
4266767,0.0
4455767,0.0
3660021,0.0972222222222
4266437,0.25
4318431,0.0769230769231
4370756,0.0
3035762,0.0
3595781,0.0
3749175,0.0
3096880,0.0
2434221,0.0
4436153,0.0555555555556
4350732,0.0
4398408,0.0
2857240,0.0
3768376,0.0
4455774,0.0
3602942,0.142857142857
4255924,0.0
3958521,0.0833333333333
4082975,0.0
3039040,1.0
4436198,0.222222222222
3859451,0.0
3406965,0.0
3859217,0.25
4011571,0.0
4326716,0.0
4350375,0.0
3886437,0.224489795918
4486337,0.0
3880563,0.0
2653928,0.0
2594920,0.142857142857
4148620,0.0
3561190,0.0
4273739,0.0
4392287,0.333333333333
4350362,0.0
2963395,0.5
2615243,0.0
4106129,0.0
3840079,0.037037037037
4273753,0.0
3045766,0.0
4152209,0.0
3045490,0.0
3859561,0.142857142857
4261750,0.304347826087
3544946,0.0
3760803,0.0
3944124,0.0909090909091
4506961,0.0
3944137,0.5
4273726,0.0
4175556,0.0
3883009,0.0
3059689,0.2
3116504,0.0
4157261,0.0
4397670,0.175925925926
3038341,0.0
4403708,0.0
4171492,0.333333333333
3753480,0.0526315789474
3785357,0.25
4011556,0.0
3105382,0.0
3323731,0.0
3768208,0.0
2570394,0.0
3406964,0.0
3357893,0.0
4323783,0.0625
4398415,0.0
3035690,0.0
4273738,0.0
4494784,0.0
4261751,0.0444444444444
4340366,0.135135135135
4273741,0.0
3886425,0.0
2970578,0.0
3957806,0.0
4149187,0.0952380952381
3077384,0.0769230769231
4273727,0.0
3394049,0.333333333333
4255925,0.0
3854545,0.0
3144635,0.0
4106128,0.0
4326717,0.0
4397735,0.0
3944136,0.166666666667
3038352,0.0
3655324,0.125
3932331,0.0789473684211
4261778,0.0
4392296,0.0344827586207
3035796,0.0
4397736,0.0
3691389,0.142857142857
4398416,0.5
2397495,0.0
3785062,0.0
4260571,0.0
2201587,0.0666666666667
3854546,0.0
3785354,0.125
4494790,0.04
3947480,0.0
2827721,0.0666666666667
3984908,0.0
3035778,0.0
3059563,0.0
4304646,0.0
4398405,0.0
4397673,0.0666666666667
3972358,0.0
3886189,0.0
3622127,0.0
4036628,0.0
3886426,0.0
3093684,0.0
4412910,0.0
2740752,0.0
3660077,0.0
3643962,0.25
2719743,0.0
4494787,0.0
4410260,0.115107913669
4261752,0.108108108108
3944126,0.0
3045661,0.0
4436189,0.0
3374181,0.0
3394059,0.25
3660059,0.35
4326714,0.0
3141011,0.0
4171920,0.166666666667
4494791,0.181818181818
3035779,0.0
4007041,0.0
3859214,0.181818181818
4208554,0.25
3859557,0.125
4436188,0.0
3802197,0.0
3886427,0.0909090909091
3177374,0.0
4390318,0.133333333333
4273750,0.0
4179739,0.0
4340364,0.1875
4093606,0.0
3568385,0.0666666666667
4171483,0.166666666667
4352231,0.300531914894
3050525,0.170731707317
3859489,0.0
4398404,0.0
3972359,0.0
4261753,0.0
4291314,0.0
4426581,0.0
3045480,0.0
2937173,0.166666666667
4494786,0.0
4291307,0.0
3886434,0.08
4273725,0.0
4340377,0.4
4392283,0.0
4471807,0.5
3336808,0.0
2288094,0.0625
4301531,0.111111111111
3059455,0.0
4260577,0.0
4112748,0.25
4273744,0.0
4490028,0.0
2707302,0.0
4110148,0.0
3944133,0.0
4171497,0.0
4273757,0.0833333333333
4340345,0.0
3544942,0.111111111111
1772536,0.25
3035695,0.0
3622006,0.0833333333333
4350506,0.0
4405017,0.25
3038357,0.2
4412916,0.0769230769231
4110162,0.0
4261769,0.0909090909091
3635284,0.0
4261754,0.0909090909091
4273708,0.0
4011540,0.0
4304640,0.0
2624207,0.0
4007176,0.0
3544937,0.0769230769231
4273722,0.0185185185185
4282850,0.0
3394067,0.0
4326713,0.0
2707303,0.0
3944114,0.117647058824
4112749,0.0
4304641,0.0
3880566,0.0555555555556
2569293,0.0
4392291,0.2
3886432,0.046511627907
4128429,0.0
3581030,0.5
3561186,0.0
4389992,0.0
4261755,0.122448979592
4148188,0.153846153846
4179728,0.0
3768266,0.0
3957802,0.0
3957811,0.0
4301527,0.2
4145701,0.333333333333
4082989,0.0
4412917,0.162162162162
3005583,0.190476190476
4261746,0.192307692308
3144631,0.5
4260608,0.0
4350507,0.0
3944121,0.0
3050545,0.111111111111
3394070,0.0
1590728,0.0
4059589,0.0
4362050,0.0909090909091
3984918,0.0
3039078,0.153846153846
4397732,0.0
2288085,0.0
4340358,0.217391304348
3038355,0.0
4390221,0.175059952038
2719747,0.0
4471805,0.5
3544940,0.111111111111
4208577,0.2
3059578,0.0
4350504,0.0
3785350,0.0
4112665,0.0
4326729,0.0
3880565,0.0
4240458,0.0
3653273,0.0
3050520,0.131578947368
4291311,0.0
3880576,0.0
3360302,0.0
4261756,0.0357142857143
3879110,0.0
4145162,0.0
3093789,0.0
3036937,0.0
3582836,0.0625
4260575,0.0694444444444
4173066,0.0
4361269,0.0
4260625,0.0792079207921
4352573,0.0526315789474
4180688,0.0
2989421,0.0
4323784,0.0
4426768,0.5
4312515,0.142857142857
3650139,0.0
4340361,0.130434782609
3050519,0.147058823529
4340373,0.136363636364
2201582,0.0454545454545
4413952,0.0526315789474
3880564,0.0
4273718,0.0833333333333
3105384,0.0
3768361,0.0
4350505,0.0
4260574,0.0576923076923
4340346,0.2
2989406,0.0
3854550,0.0
2937177,0.222222222222
3859210,0.333333333333
3635287,0.0
3038347,0.0
3394065,0.444444444444
3050521,0.174603174603
4208543,0.0
2615244,0.0
3854576,0.0
4273721,0.0
4412915,0.0
4112981,0.333333333333
2653949,0.0
4180582,0.0
4148641,0.0
4389990,0.0
3854543,0.0833333333333
4398413,0.0
3854433,0.25
3456808,0.0
4011576,0.0
4392293,0.153846153846
3886430,0.0192307692308
3050518,0.0833333333333
3596029,0.0
4388640,0.0
4275672,0.0
4016039,0.5
3919575,0.2
4261758,0.047619047619
4180765,0.0
4180699,0.0
1723273,0.5
4397613,0.0
4365692,0.0
4340349,0.125
4175512,0.0
4261772,0.181818181818
4506976,1.0
4273959,0.0
4180772,0.0
3059576,0.0
4092835,0.0
4181076,0.0
3785068,0.0
4350744,0.0
3035624,0.0
4436183,0.235294117647
4285855,0.0
3035721,0.0
3854500,0.105263157895
4036635,0.0
3802158,0.166666666667
3732329,0.0
4490037,0.0
4145797,0.0
3650137,0.25
3972327,0.0
4260612,0.0
4388641,0.142857142857
3960615,0.0
2762900,0.0
4273958,0.0
3035575,0.0
4365428,0.333333333333
3038349,0.0
4181147,0.0
4148629,0.333333333333
4494454,0.0
4362018,0.0434782608696
3071566,0.0
3035759,0.0
3826944,0.142857142857
4016041,0.416666666667
3441635,0.0
4181121,0.0
3397743,0.0
4388652,0.125
4180773,0.0
4340348,0.0909090909091
3919563,0.166666666667
3017157,0.0666666666667
3600065,0.166666666667
3985221,0.0
4436182,0.125
4180698,0.0
3580763,0.0
4181132,0.0
4350770,0.153846153846
4150848,0.190476190476
3732328,0.0833333333333
4426778,0.0
4261759,0.130434782609
4388668,0.0
4397761,0.0
3590516,0.0
3919560,0.0
3035716,0.0
4402894,0.0
4082986,0.0
3727008,0.0
4412918,0.0
4285967,0.20253164557
3580760,0.0
3922579,0.25
4365690,0.222222222222
4092837,0.333333333333
4506974,0.0
4261749,0.222222222222
1590727,0.0
4388651,0.191489361702
4397611,0.0909090909091
4285840,0.176470588235
4181038,0.0
4388642,0.0
3038360,0.0
4436181,0.0588235294118
4356087,0.0
4180770,0.0
4490035,0.0
4348835,0.0
4181768,0.0
4181742,0.0
3045489,0.0
3714802,0.0
3985222,0.0
4449011,0.141025641026
4261770,0.137254901961
4350508,0.0
4388643,0.2
3479483,0.0
4180641,0.0
4261771,0.12
3035704,0.0
4388669,0.357142857143
2201577,0.0322580645161
3732191,0.285714285714
4285841,0.0869565217391
3854415,0.0909090909091
3886193,0.0810810810811
3589469,0.142857142857
4365691,0.229166666667
3035722,0.0
3854460,0.0
4494456,0.0
4031196,0.0277777777778
2923204,0.28
3814420,0.0
4397715,0.1
4449010,0.266666666667
2653945,0.0
4011767,0.4
4122959,1.0
2653930,0.0
3641455,0.0
4406473,0.133333333333
4180656,0.0
4285856,0.148648648649
4494441,0.0
4181725,0.0
3886180,0.0
3854510,0.0
4301529,0.0833333333333
3732186,0.176470588235
1604094,0.0
4261766,0.333333333333
4348948,0.129032258065
4181757,0.0
4388644,0.2
3854504,0.0
4392298,0.0
4180761,0.0
4116021,0.0
2924736,0.1
4389122,0.0454545454545
4388679,0.214285714286
3144638,0.0
4180776,0.0
4365418,0.0
4355141,0.333333333333
4148196,0.0
4261761,0.0
4506958,0.0
4400102,0.289473684211
4402892,0.0
3732178,0.0
4506972,0.0
4390317,0.0
4388657,0.0909090909091
4360934,0.0
4016044,0.428571428571
4152230,0.142857142857
4273968,0.0
3580771,0.1875
3919588,0.25
4240481,0.0
2223794,0.0
2923203,0.264705882353
1946740,0.0
4490033,0.0
3859363,0.125
3071563,0.0
3886428,0.1
1604093,0.0
3655358,0.0
3919566,0.0
4133657,0.0
3985219,0.0
4180409,0.0
4295187,0.145161290323
4278304,0.0
4340353,0.145833333333
4366137,0.136363636364
4036627,0.0
4181125,0.0
3458291,0.0
3641453,0.0
4356080,0.05
4413958,0.0
4056526,0.0
3456802,0.0
4240497,0.1
3985243,0.333333333333
3886195,0.0161290322581
4436195,0.317073170732
3456811,0.333333333333
4400103,0.217391304348
3819054,0.0
4261760,0.0909090909091
4273990,0.0
1946741,0.0
3419847,0.25
4402893,0.0
4171917,0.0
4388678,0.125
2687106,0.5
3714863,0.0
4348832,0.0
4181118,0.0
2985839,0.0
4181073,0.0
3691755,0.0820895522388
4180760,0.0
3859362,0.0
4494450,0.0
4388656,0.148148148148
3854505,0.0
4494447,0.125
3854549,0.0
3655290,0.0277777777778
4285847,0.063829787234
4388645,0.0
3191501,0.0
3035571,0.0
4360936,0.0
4388646,0.25
3035558,0.0
4181140,0.0
3438755,0.0
4428999,0.0
3732309,0.666666666667
4273849,0.0714285714286
4355143,0.0
2238499,0.0
1385165,0.0
4261763,0.138461538462
3544948,0.0
3732194,0.333333333333
3590527,0.285714285714
4486339,1.0
3944092,0.0
4389120,0.16091954023
4102233,0.0
4392289,0.027027027027
3456812,0.0
4278332,0.0
3580764,0.0
4436185,0.142857142857
4348831,0.0
4180774,0.0
4494444,0.0
3732183,0.0
4261774,0.0
4399907,0.0
4506970,0.5
3732169,0.0
4494453,0.142857142857
4273979,0.0
4277449,0.0
3985241,0.4
2527910,0.0
4181127,0.0
4007180,0.0
3919572,0.3
3849729,0.297297297297
3843442,0.428571428571
4494452,0.0434782608696
3922602,0.0454545454545
2985828,0.0
4285845,0.125
4181004,0.0
4273848,0.142857142857
3580772,0.0
2989411,0.0
4261762,0.0
3035573,0.0
3820108,0.0
4388647,0.19014084507
4436197,0.172413793103
4494445,0.0
4428998,0.0
3580765,0.0
3035739,0.0
3590513,0.0
4389121,0.0243902439024
4011749,0.0
3123999,0.0
4392288,0.2
4240482,0.0
1723267,0.0
3641451,0.25
3707951,0.0555555555556
3035726,0.0
4366135,0.263157894737
3059571,0.0833333333333
4277448,0.0
2923200,0.0
4181721,0.0
4189765,0.0
3397752,0.0
4285852,0.0666666666667
2740609,0.0
4490030,0.0
4180762,0.0
4402891,0.0
4180775,0.0
4486338,0.25
4360951,0.0
4466098,0.166666666667
2175907,0.0
4142356,0.0
4173349,0.0
4232527,0.0
4273964,0.0
3622064,0.166666666667
4181115,0.0
3038339,0.5
4406478,0.142857142857
3027465,0.0
4426771,0.0
3544959,0.0
4392513,0.0
3955896,0.0
4412967,0.4
4240467,0.0
2205501,0.0
3769835,0.0
4348950,0.136363636364
4180787,0.0
2913257,0.0
4388648,0.115384615385
4181102,0.0
4181775,0.0
3732211,0.0
4428997,0.0
4412938,0.0
4180794,0.0
3572987,0.0
3676955,0.0243902439024
4288243,0.0
4273977,0.05
4000638,0.0
3590473,0.0
4362037,0.214285714286
3042442,0.0625
2205471,0.0
4199855,0.0
4288306,0.148148148148
4173385,0.125
4388675,0.0769230769231
3035743,0.0
4286191,0.162790697674
4103481,0.0
1770804,0.0
3732167,0.25
2740619,1.0
4412941,0.0
3590461,0.0
4466099,0.142857142857
4388674,0.109090909091
4282208,0.0
4388649,0.133333333333
4350330,0.0
3785348,0.0
4181749,0.0
4277446,0.0
3919596,0.128205128205
4071284,0.0
4048918,0.0
4288237,0.142857142857
3886281,0.260563380282
4399908,0.1
2913256,0.0
3641439,0.0
4388663,0.25
3732210,0.0
3544958,0.0
3742701,0.166666666667
4412939,0.0
4488745,0.0
1514188,0.0
3900402,0.0
4097820,0.0
3846216,0.0
4428996,0.0
3483242,0.0
4400064,0.0
4360939,0.0
3886292,0.0531914893617
4288242,0.037037037037
4278289,0.172413793103
4240466,0.0
4300335,0.219178082192
4412966,0.0
4180690,0.0
2205470,0.5
4273950,0.0
3061497,0.0
3596536,0.159420289855
2814518,0.333333333333
4488773,0.2
2175905,0.0
3661896,0.5
3116495,0.0
4297818,0.025
3676940,0.0416666666667
4089183,0.333333333333
4181759,0.333333333333
4412965,0.0
4180433,0.0
3886394,0.142857142857
1508519,0.0
4423442,0.0588235294118
3580768,0.5
2918733,0.0
4426773,0.2
4388660,0.142857142857
4273845,0.0
4180693,0.0
3656528,0.0
3035734,0.0
4388659,0.111111111111
4288234,0.166666666667
2434215,0.0
4000643,0.0
3043010,0.0
4286218,0.178571428571
4428995,0.0
2205503,0.0
4288241,0.153846153846
2814521,0.0
4494448,0.0
4337312,0.0
4180796,0.0
4400070,0.0
4176090,0.25
4189768,0.0
4273862,0.0
3676941,0.0
4356077,0.0
3590463,0.1
4152282,0.0
3506569,0.2
3077197,0.125
4494449,0.0
4400066,0.0
3043006,0.0
3919569,0.227272727273
2814519,0.0
4288235,0.0526315789474
3035555,0.0
3960653,0.0
3572997,0.0
4116109,0.0
4240499,0.125
3661884,0.5
3886395,0.118644067797
4428994,0.0
4273952,0.0
3820122,0.0810810810811
1770814,0.0
4388676,0.0952380952381
4181026,0.0
4388658,0.1
4103482,0.0
4436290,0.225
4388661,0.222222222222
4412942,0.0
3919587,0.25
4048905,0.0
3027466,0.0
2205502,0.333333333333
4125671,0.0
3886283,0.11320754717
3676866,0.0
4466088,0.0
4180784,0.0
2809139,0.0
4300337,0.25
3742710,0.25
4426772,0.0
3656529,0.0
4286219,0.111111111111
4102382,0.0
4489502,0.08
3732322,0.0
4488747,0.0526315789474
4282238,0.4
2065398,0.0
4388666,0.117647058824
4102385,0.142857142857
3397759,0.4
4152285,0.0
4393374,0.0
4181111,0.0
4436284,0.117647058824
4122956,0.0
3732189,0.5
3035677,0.0
4412963,0.0
3785378,0.0
3042446,0.0526315789474
4388781,0.0
4494459,0.25
3035718,0.333333333333
3886392,0.220588235294
2938489,0.0
3886297,0.0454545454545
3589466,0.0
3820125,0.0869565217391
3640389,0.266666666667
3572990,0.0
2527922,0.0
4180413,0.0
3572983,0.0
3676898,0.0
4388671,0.0
4273850,0.0
3116480,0.0
2924729,0.0
4412970,0.193548387097
3919580,0.3
3590477,0.0
4288247,0.111111111111
3653095,0.0
3035747,0.0
4011584,0.0
4348947,0.244897959184
2205505,0.0
4362015,0.0689655172414
4277443,0.0
4423457,0.0909090909091
4348828,0.0
3732325,0.107692307692
4488740,0.5
3820110,0.181818181818
4180769,0.0
3665491,0.142857142857
4282239,0.360507246377
3027460,0.0
4388667,0.2
4180694,0.0
4412944,0.0
2960081,0.0
3732324,0.0
3919578,0.166666666667
3805910,0.25
3742675,0.08
4388780,0.0
4439068,0.176470588235
4240462,0.0
2175902,0.0
2434212,0.1
3589467,0.181818181818
3805907,0.166666666667
4426774,0.0
4350301,0.0909090909091
2716378,0.0
3035579,0.0
3732311,0.0
3886296,0.0740740740741
3742705,0.454545454545
3661882,0.333333333333
4392505,0.0
4180782,0.0
4181770,0.0
4488774,0.111111111111
3590519,0.0
2527923,0.0
3955893,0.2
3116544,0.0
4412962,0.0
3042447,0.0222222222222
4350312,0.0849056603774
3021509,0.0
4395962,0.354838709677
3043000,0.0
4348946,0.22641509434
4011769,0.0
3886285,0.0425531914894
3590465,0.125
4423445,0.166666666667
4102384,0.0769230769231
4388670,0.0
3622061,0.111111111111
4393376,0.3
3805904,0.0
4142130,0.0
4412961,0.5
4388664,0.0
3424938,0.0
4180792,0.0
4392515,0.333333333333
4395961,0.0
3042453,0.0588235294118
4395958,0.121212121212
4348839,0.25
4277441,0.0
4181034,0.0
3589464,0.0
4350302,0.0
2938520,0.0
3590530,0.0
4097827,0.0
3263911,0.0967741935484
3331649,0.0
4273852,0.0
4134579,0.111111111111
4273971,0.0
3955890,0.0
4240472,0.0
4337316,0.0
4180781,0.0
4181773,0.0
4392506,1.0
2205507,0.0
4412958,0.0
3886390,0.0
4181078,0.0
4348945,0.245901639344
3727398,0.0
3732327,0.0
4300318,0.0
4273962,0.0
4181764,0.0
3944089,0.2
3938098,0.0
4392507,0.0
3676888,0.0
3596533,0.0
3785368,0.0
3483244,0.0
4388665,0.0
4400062,0.0
4150846,0.112903225806
3569319,0.0
4155236,0.0
4348944,0.264150943396
3919590,0.130434782609
4365413,0.0
4288231,0.222222222222
4412960,0.0
3805912,0.0
4180793,0.0
4199852,0.0
3424939,0.0
4036658,0.0333333333333
4145668,0.2
3732313,0.0
3665493,0.142857142857
3839003,0.0
3742707,0.0
4288301,0.166666666667
4300320,0.0
4412946,0.0
2860866,0.171428571429
4273840,0.0
4337317,0.0
4055381,0.333333333333
3027462,0.0
4388672,0.0909090909091
4350479,0.0
3042445,0.2
4011741,0.0
4436287,0.0243902439024
4288244,0.0294117647059
4393377,0.0
4180780,0.0
4181112,0.0
4489506,0.0769230769231
2954646,0.0
2205506,0.1
4273866,0.0
3944088,0.0
4093413,0.0833333333333
3928250,0.0952380952381
3695149,0.0
3963097,0.166666666667
2614345,0.0
4180574,0.0
4466090,0.125
3656522,0.0
2310791,0.0
4277007,0.142857142857
4278293,0.0
4434822,0.208333333333
4173341,0.0
3352716,0.108108108108
4180637,0.0
3515382,0.0
4304899,0.0
4300316,0.0
4412923,0.0625
4392508,0.0
2383452,0.0
3921572,0.107142857143
4282234,0.166666666667
3928243,0.0454545454545
4350340,0.0
4432129,0.222222222222
4494437,0.0
4273898,0.0
4429046,0.153846153846
4181069,0.0
3742708,0.238095238095
4429110,0.0909090909091
3376901,0.5
4388712,0.131578947368
2716375,0.222222222222
3331654,0.0
4052545,0.176470588235
4393378,0.173913043478
3953726,0.0666666666667
3745529,0.0
4398366,0.0
3900432,0.0
3544951,0.1
4474853,0.0
4395956,0.107142857143
4466083,0.0
3049128,0.0
3886288,0.134615384615
3966623,0.0
3544964,1.0
4388639,0.111111111111
3808104,0.2
4398367,0.0
4429032,0.207547169811
4466091,0.0
4251077,0.229074889868
4055093,1.0
3049129,0.0
3110072,0.180722891566
3785366,0.166666666667
4466082,0.0
3148855,0.0
4180759,0.0
3038446,0.0
4412922,0.0
4388638,0.1
1422212,0.0
3921573,0.0
4494469,0.0
4013068,0.166666666667
4282235,0.111111111111
2938493,0.166666666667
3785375,0.0909090909091
3764745,0.0
3042528,0.0
4288259,0.111111111111
3727397,0.0
4196929,0.571428571429
2963282,0.0
4300317,0.0
4173115,0.0
4329495,0.25
2205508,0.333333333333
4089179,0.0
3785036,0.0
4282226,0.25
4275606,0.4
3719051,0.2
4436289,0.142857142857
3641448,0.0
3667325,0.0
3641484,0.4
4052544,0.0
4429641,0.111111111111
3376900,0.2
4036645,0.25
3683473,0.0
3049166,0.0
3683467,0.0
4280537,0.111111111111
4251074,0.106382978723
4429642,0.0714285714286
4278291,0.0
3764746,0.0
3397735,0.1
3010717,0.0
2778405,0.333333333333
2926884,0.25
4036646,0.0
4180749,0.0
3300375,0.0
4055090,0.0
3641490,0.0
3397726,0.0
3544966,0.5
3676993,0.0
4412954,0.0
2938490,0.0
4388707,0.166666666667
3045746,0.0
3667313,0.0
4282225,0.333333333333
4412921,0.0
3810612,0.0
4305397,0.0990566037736
3963086,0.0
4250451,0.0
4393350,0.272727272727
4031108,0.0
4474842,0.0
4175576,0.0
4434820,0.0
3878346,0.0
4429112,0.0
2310793,0.0434782608696
4180626,0.0
4494435,0.0
4300314,0.2
4180635,0.333333333333
4439070,0.185944363104
4474843,0.0
4429650,0.109090909091
4273888,0.0
3805909,0.0
3049167,0.0
4466093,0.0666666666667
4429030,0.25
3928240,0.0
3878347,0.0169491525424
4280521,0.0
4494434,0.0
4173104,0.0
4337331,0.0
3148857,0.0
4282224,0.0
3162149,0.0689655172414
4289706,0.368421052632
3667327,0.0
3352715,0.25
3921566,0.125
3656518,0.0
4180577,0.0
4180722,0.0
2740627,0.0
4036647,0.5
3961319,0.0
2065559,0.0
3683471,0.5
3886298,0.2
4285812,0.0967741935484
3162219,0.0
4434836,0.103448275862
4282202,0.25
4466080,0.0
2938486,0.0
2847339,0.0
4023106,0.0752688172043
3162105,0.0
4412955,0.0
3919558,0.0
2310792,0.0909090909091
2963280,0.0
4180678,0.0
4036654,0.0
3953699,0.0
3922699,0.0
2778422,0.0
4429113,0.222222222222
2740612,0.0
4388706,0.142857142857
4474850,0.2
4288248,0.0833333333333
3719170,0.0588235294118
4180717,0.0
3574065,0.0
2778404,0.0
3928235,0.0588235294118
4300315,0.0
3397715,0.125
4180620,0.0
4429114,0.118518518519
3785363,0.0
4288261,0.178571428571
3045775,0.0
3676869,0.0
3048185,0.285714285714
4275580,0.0
4285833,0.166666666667
3667315,0.0
4429024,0.0877192982456
3077198,0.0
3039035,1.0
3394080,0.0
4278284,0.0
4181058,0.0
3928247,0.121212121212
3574062,0.142857142857
3921576,0.0
3038335,0.5
3846222,0.0
3676890,0.0
4180703,0.0
4350308,0.0
4303986,0.136363636364
4282223,0.0
3662198,0.0
4052541,0.0
3874278,0.0
4389108,0.133928571429
3719047,0.0
3348203,0.0
4250422,0.2
4173110,0.25
4285815,0.136690647482
3725992,0.0
3939692,0.0
3727024,0.0
3544960,0.5
3921608,0.242424242424
4434831,0.135135135135
4388716,0.1
2778403,0.222222222222
3641481,0.0
4412953,0.0
4429036,0.181818181818
4173344,0.0
3661899,0.125
3640410,0.0
3641479,0.333333333333
2740621,0.0
4138925,0.0
4052540,0.0
4466086,0.0
3045741,0.0
4278285,0.0
4329491,0.2
4181187,0.0
4175562,0.0
3640397,0.0
3785344,0.291666666667
3921577,0.323529411765
4412935,0.0
4388717,0.0
2740614,0.0
3263923,0.06
4474845,0.0
4180724,0.0
4052980,0.0833333333333
3667314,0.0
4282204,0.0
3805918,0.0
3962002,0.2
4389000,0.0
4285832,0.0232558139535
4429025,0.0
4181709,0.333333333333
3879074,0.0
3290389,0.0
2383457,0.0
2740588,0.0
4180632,0.0
4138943,0.25
3683477,0.0588235294118
4180702,0.0
4055080,0.333333333333
4022459,0.571428571429
3249981,0.0
4303987,0.25
3719055,0.125
3216861,0.166666666667
3953720,0.235294117647
3683463,0.0
3331652,0.0
4052543,0.125
4360969,0.0
4055388,0.0
4429026,0.0909090909091
4288238,0.115384615385
4251070,0.170731707317
3574059,0.0
4297858,0.0
4278286,0.0952380952381
4282207,0.0
4466096,0.1
3963091,0.0
4173112,0.125
4180701,0.0
4412925,0.0
3544962,1.0
4361939,0.0634920634921
4337323,0.0
3785372,0.375
4180712,0.0
4234501,0.0
3939690,0.6
3397717,0.5
3789848,0.0
4466085,0.0
3544957,0.0
3785361,0.166666666667
4494431,0.0
4429040,0.0769230769231
3665489,0.0
4432109,0.0
3661889,0.05
4337334,0.0
3483003,0.25
3719045,0.0666666666667
3039037,1.0
4474846,0.1
3928036,0.0
2963285,0.117647058824
4052983,0.0
3160995,1.0
4142956,0.0
2819874,0.0
2814514,0.0
4439074,0.0238095238095
4297861,0.0
3999249,0.2
3846219,0.0
2938494,0.0
4285817,0.307692307692
4297872,0.0555555555556
3764751,0.0
3622116,0.09375
3249982,0.0
4429034,0.142857142857
4275613,0.225806451613
3544963,0.0
4494430,0.0
2833181,0.2
4180630,0.0
3746291,0.333333333333
4052542,0.333333333333
2926881,0.166666666667
4389118,0.09
3162101,0.0
4429027,0.0
4303985,0.0869565217391
4412951,0.0
4412924,0.0714285714286
4469001,0.0625
4175616,0.0
4036650,0.0
3453977,0.0
4429647,0.0
3397723,0.0
2065414,0.0
4275583,0.0
3921575,0.08
4282206,0.0
4361938,0.210526315789
4389002,0.0
4288239,0.2
4055095,0.0
4278294,0.166666666667
4432108,0.0
2740616,0.5
4180713,0.0
4337335,0.0
3061859,0.5
3574061,0.0
3928231,0.0
4285816,0.162790697674
4350354,0.0
4180700,0.0
4036643,0.0
4036886,0.0
3390109,0.0
3928038,0.111111111111
3017048,0.0
3667360,0.0
4180879,0.0
4055005,0.125
4388631,0.0731707317073
4180743,0.0
4462722,0.142857142857
3764700,0.0
2429530,0.0
4148211,0.0
4181047,0.0
3662583,0.111111111111
4413256,0.111111111111
4429118,0.05
3991658,0.0714285714286
2910393,0.0
4429028,0.111111111111
2377334,0.105263157895
3656625,0.0
3045681,0.0
4182662,0.1875
4337295,0.0
4429648,0.0487804878049
4401664,0.125
4361937,0.136363636364
4055012,0.0
2377327,0.0
4052974,0.0408163265306
4206362,0.0
4461680,0.166666666667
3999377,0.0
2829831,0.0
3290384,0.0
4336599,0.222222222222
3007126,0.5
3569334,0.0
2065422,0.0384615384615
3297529,0.0
3641441,0.5
4180878,0.0
4141248,0.0
4360940,0.0
4171470,0.0
3576191,0.0
4462679,0.0
3955923,0.230769230769
3524646,0.0
3039085,0.0
2143680,0.272727272727
4413257,0.0714285714286
4429029,0.166666666667
3729896,0.0
3641466,0.0
4181165,0.5
4101367,0.0
4429649,0.0789473684211
4055398,0.142857142857
3992373,0.0
2987778,0.0
4360975,0.0
4180728,0.0
4388630,0.2592
4013150,0.0
4311661,0.0
4461681,0.0
4181716,0.0
4115627,1.0
4288228,0.0
3667318,0.0
3042436,0.136363636364
3999376,0.0
3676910,0.0
3290396,0.1875
3576182,0.0
3048188,0.294117647059
3763776,0.2
3371182,0.0833333333333
2143683,0.166666666667
4036884,0.0
4180752,0.0
4461682,0.0
4303988,0.0454545454545
4462669,0.0
4463547,0.195652173913
3049122,0.0
4181063,0.0
3919551,0.2
3045683,0.0
4413254,0.190476190476
4180671,0.0
4256527,0.0
3436025,0.333333333333
4388633,0.154761904762
4307456,0.2
4182127,0.0
4180741,0.0
3719070,0.4
3955920,0.0
3083577,0.0
4452301,0.0576923076923
4196931,0.0
2702703,0.0
3569303,0.0
4388718,0.0526315789474
3985356,0.0
3921578,0.0952380952381
3865991,0.0
4337297,0.0
4273892,0.0
3919542,0.0
2956234,0.0
2429532,0.0
3610838,0.1
4494462,0.0
3569336,0.0
3290394,0.0555555555556
3641477,0.0
3049123,0.0
3738773,0.0
4462721,0.125
3999815,0.277777777778
3865433,0.173913043478
4101365,0.25
3610839,0.0
4389114,0.125
4388719,0.108695652174
3729894,0.0
3418095,0.0
2610508,0.0
4332004,0.142857142857
3160998,0.0
3736946,0.0
4149178,0.222222222222
4237318,0.0
3576180,0.142857142857
4360964,0.172413793103
4115650,0.0
2957719,0.0
4307444,0.0
3921579,0.333333333333
3808119,0.2
4461683,0.0
3595965,0.0
2549693,0.0434782608696
2847591,0.0
4388632,0.150943396226
4273893,0.0
4434829,0.230769230769
3290439,0.0
3999374,0.0
3955921,0.0
2956235,0.0
3352746,0.0
3662489,0.272727272727
4494463,0.5
4374972,0.161290322581
4182338,0.0
3148872,0.0
4304895,0.25
4432110,0.0
3064015,0.0
3017750,0.0
4332245,0.0
4389113,0.2
3953696,0.0
4122875,0.285714285714
4329498,0.25
4181155,0.0
3647601,0.0833333333333
3045685,0.0
4115644,0.142857142857
3921613,0.0
4008348,0.25
3595962,0.0
2065556,0.0
4429121,0.134615384615
4288218,0.240740740741
4280539,0.181818181818
4089062,0.0
2948846,0.0
3763770,0.25
3641445,0.0
2429527,0.0
4388635,0.153846153846
3049124,0.0
3738774,0.0
4494428,0.0
3576194,0.0
4181173,0.0
3007122,0.0
4180747,0.0
3719061,0.5
3318677,0.0
3656621,0.0
4181065,0.0
3729880,0.0869565217391
4401672,0.1875
3919196,0.333333333333
3290381,0.0
3921568,0.0
4307451,0.0222222222222
3919556,0.0975609756098
4180849,0.0
3961317,0.0
3576098,0.333333333333
4388634,0.273657289003
3919545,0.0
4388708,0.037037037037
4052988,0.1
3262090,0.142857142857
4180719,0.0
3352757,0.0
3785182,0.0693069306931
3290378,0.0
4432111,0.166666666667
2310783,0.0
3397729,0.0
4148324,0.0
4180579,0.0
3039081,0.2
3641488,0.0
4374974,0.142857142857
4164043,0.0
4307442,0.125
4329499,0.0
3122198,0.0
4494429,0.0
3595875,0.0
4303998,0.0526315789474
4275633,0.0491803278689
3729892,0.0
3524651,0.0
4311665,0.0
3352740,0.111111111111
3921612,0.176470588235
4180665,0.166666666667
4148311,0.0
3999372,0.0
3049125,0.0
3729881,0.0789473684211
3729878,0.0769230769231
2596047,0.166666666667
3576196,0.0
4180859,0.0
4180756,0.0
4398368,0.0
4275599,0.333333333333
3049126,0.0
3576185,0.0
3843476,0.0
3027438,0.0
4180569,0.0
4180745,0.0
4462724,0.0
4374951,0.0
3955924,0.0
4008359,0.0
4182134,0.0
3016557,0.0
3921581,0.0
3262093,0.176470588235
4389111,0.140350877193
3045478,0.0
3593085,0.0
4311666,0.0
4180639,1.0
4284425,0.0
4148327,0.0
4401662,0.222222222222
3763758,0.0
4307441,0.153846153846
4429123,0.0
3595915,0.0
4388637,0.145454545455
4494439,0.0
3962009,0.0625
4101360,0.333333333333
4173097,0.333333333333
2910395,0.0
4181157,0.0
4401671,0.125
4494466,0.333333333333
4360961,0.0975609756098
4285839,0.0416666666667
4180708,0.0
3278752,0.0
4401670,0.0952380952381
3027516,0.0
3371187,0.0
3676923,0.0
3569306,0.0
4462725,0.0
3007121,0.11320754717
4142939,0.0
3020485,0.0
2143686,0.142857142857
3683480,0.125
4181040,0.0
3318674,0.0
3790072,0.0909090909091
3049127,0.0
3719075,0.5
3641473,0.0
4056546,0.0
3763746,0.0
3020492,0.0
4374976,0.0714285714286
3352742,0.0833333333333
3805879,0.0
4429049,0.0
4388636,0.162162162162
3919547,0.333333333333
4494467,0.0
4454254,0.116504854369
3352755,0.0
4275631,0.0862068965517
3928239,0.111111111111
4307440,0.0
4181053,0.0
4288208,0.0833333333333
4398369,0.0
4273897,0.0
2065425,0.0